シーズン,試合タイプ,チーム,背番号,選手名,勝利,敗北,セーブ,ホールド,ホールドポイント,登板数,投球回,勝率,防御率,WHIP,失点率,試合あたり失点,被安打率,被本塁打率,奪三振率,与四球率,奪三振/四球比,対戦打者数,被安打,失点,自責点,被本塁打,奪三振,与四球,敬遠,死球,暴投,ボーク,完投,完封,無四球試合,先発数,救援完了,選手ID
2024,Regular Season,広島カープ,34,"Takahashi, Kouya",0,0,1,0.0,0.0,1,1.0,0.0,0.0,0.0,0.0,0.0,0.0,0.0,9.0,0.0,,3,0,0,0,0,1,0,0,0,0,0,0,0,0,0,1,1005134
2024,Regular Season,読売巨人,28,"Takahashi, Rei",2,2,0,0.0,0.0,11,46.2,0.5,3.66,1.35,3.857,1.818,8.1,0.579,4.243,4.05,1.048,199,42,20,19,3,22,21,1,1,1,0,1,0,0,9,1,1005136
2024,Regular Season,ソフトバンク,16,"Higashihama, Nao",3,2,0,0.0,0.0,11,56.0,0.6,3.38,1.143,3.536,2.0,8.518,1.125,6.268,1.768,3.545,232,53,22,21,7,39,11,1,1,0,0,0,0,0,11,0,1005137
2024,Regular Season,千葉ロッテ,35,"Tanaka, Haruya",1,1,0,0.0,0.0,4,20.0,0.5,1.8,1.0,4.05,2.25,6.3,0.9,7.65,2.7,2.833,79,14,9,4,2,17,6,0,0,0,0,0,0,0,4,0,1005157
2024,Climax Series - First Stage,日ハム,52,"Ikeda, Takahide",0,0,0,,,2,1.2,0.0,0.0,0.0,0.0,0.0,0.0,0.0,5.4,0.0,,6,0,0,0,0,1,0,0,1,0,0,0,0,0,0,0,1105134
2024,Regular Season,日ハム,52,"Ikeda, Takahide",2,1,0,15.0,17.0,29,23.2,0.667,3.8,0.972,3.803,0.345,5.324,1.521,8.366,3.423,2.444,93,14,10,10,4,22,9,0,2,2,0,0,0,0,0,6,1105134
2024,Regular Season,読売巨人,63,"Izumi, Keisuke",2,0,1,5.0,7.0,35,37.1,1.0,1.93,1.045,2.411,0.286,6.75,0.0,7.232,2.652,2.727,149,28,10,8,0,30,11,2,4,1,0,0,0,0,0,18,1105138
2024,Regular Season,オリックス,20,"Abe, Shota",0,1,0,4.0,4.0,17,14.2,0.0,1.84,1.295,1.841,0.176,7.364,0.0,7.977,4.295,1.857,63,12,3,3,0,13,7,0,0,0,0,0,0,0,0,4,1105153
2024,Regular Season,阪神タイガース,63,"Ishiguro, Yuya",0,0,0,0.0,0.0,3,3.1,0.0,5.4,2.1,5.4,0.667,16.2,0.0,8.1,2.7,3.0,16,6,2,2,0,3,1,0,0,0,0,0,0,0,0,1,1105159
2024,Regular Season,千葉ロッテ,29,"Nishino, Yuji",9,8,0,0.0,0.0,20,122.1,0.529,3.24,1.234,3.384,2.3,8.828,0.589,5.665,2.281,2.484,510,120,46,44,8,77,31,1,4,1,0,1,0,0,20,0,1205118
2024,Regular Season,西武ライオンズ,20,"Tamura, Ichiro",1,0,0,1.0,2.0,28,29.2,1.0,1.82,1.18,3.034,0.357,7.281,0.303,7.281,3.337,2.182,122,24,10,6,1,24,11,0,0,0,0,0,0,0,0,7,1205134
2024,Regular Season,千葉ロッテ,48,"Nakamura, Toshiya",1,0,0,0.0,1.0,17,34.0,1.0,3.71,1.147,3.706,0.824,7.941,0.265,4.5,2.382,1.889,139,30,14,14,1,17,9,0,1,0,1,0,0,0,0,8,1205138
2024,Regular Season,楽天イーグルス,29,"Takada, Koichi",0,1,0,0.0,0.0,5,10.1,0.0,6.97,1.548,6.968,1.6,11.323,1.742,3.484,2.613,1.333,45,13,8,8,2,4,3,0,0,0,0,0,0,0,1,3,1205153
2024,Regular Season,日ハム,16,"Tatsu, Kota",1,0,0,0.0,0.0,1,5.0,1.0,0.0,0.6,0.0,0.0,5.4,0.0,7.2,0.0,,18,3,0,0,0,4,0,0,0,0,0,0,0,0,1,0,1205155
2024,Climax Series - Final Stage,横浜DeNA,16,"Ohnuki, Shinichi",1,0,0,,,1,6.2,1.0,1.35,0.9,1.35,1.0,6.75,0.0,9.45,1.35,7.0,26,5,1,1,0,7,1,0,0,0,0,0,0,0,1,0,1305138
2024,Japan Series,横浜DeNA,16,"Ohnuki, Shinichi",0,1,0,,,2,6.1,0.0,8.53,2.211,9.947,3.5,17.053,2.842,9.947,2.842,3.5,31,12,7,6,2,7,2,0,0,0,0,0,0,0,2,0,1305138
2024,Regular Season,横浜DeNA,16,"Ohnuki, Shinichi",6,7,0,0.0,0.0,15,88.1,0.462,2.85,1.155,3.566,2.333,7.947,0.611,5.909,2.445,2.417,370,78,35,28,6,58,24,0,4,0,1,0,0,0,15,0,1305138
2024,Japan Series,ソフトバンク,26,"Ohtsu, Ryosuke",0,1,0,,,1,0.1,0.0,54.0,12.0,54.0,2.0,54.0,27.0,0.0,54.0,0.0,5,2,2,2,1,0,2,0,0,0,0,0,0,0,0,0,1305157
2024,Regular Season,ソフトバンク,26,"Ohtsu, Ryosuke",7,7,0,0.0,0.0,19,119.1,0.5,2.87,1.031,2.866,2.0,7.617,0.83,7.316,1.659,4.409,470,101,38,38,11,97,22,1,1,1,1,0,0,0,19,0,1305157
2024,Regular Season,横浜DeNA,38,"Mori, Yuito",1,3,0,1.0,2.0,14,32.1,0.25,7.52,1.794,9.186,2.357,13.918,1.113,6.959,2.227,3.125,157,50,33,27,4,25,8,2,3,0,0,0,0,0,4,3,1405139
2024,Regular Season,日ハム,63,"Kitaura, Ryuji",2,1,0,4.0,6.0,12,11.1,0.667,3.18,1.588,6.353,0.667,11.912,1.588,4.765,2.382,2.0,52,15,8,4,2,6,3,1,0,0,0,0,0,0,0,2,1505136
2024,Japan Series,ソフトバンク,47,"Ohzeki, Tomohisa",0,1,0,,,1,2.2,0.0,3.38,2.625,3.375,1.0,13.5,0.0,6.75,10.125,0.667,16,4,1,1,0,2,3,0,1,0,0,0,0,0,1,0,1505151
2024,Regular Season,ソフトバンク,47,"Ohzeki, Tomohisa",8,4,0,0.0,0.0,20,122.1,0.667,2.5,0.924,2.501,1.7,6.18,0.736,5.665,2.134,2.655,481,84,34,34,10,77,29,0,10,0,0,0,0,0,20,0,1505151
2024,Regular Season,千葉ロッテ,15,"Mima, Manabu",0,2,0,0.0,0.0,3,13.1,0.0,7.43,1.95,8.1,4.0,11.475,1.35,5.4,6.075,0.889,69,17,12,11,2,8,9,1,0,0,0,0,0,0,3,0,1605133
2024,Regular Season,楽天イーグルス,54,"Hinata, Naoki",0,0,0,0.0,0.0,1,1.0,0.0,0.0,2.0,0.0,0.0,9.0,0.0,9.0,9.0,1.0,5,1,0,0,0,1,1,1,0,0,0,0,0,0,0,1,1605159
2024,Regular Season,千葉ロッテ,92,"Kuniyoshi, Yuki",3,1,1,10.0,13.0,41,41.2,0.75,1.51,1.032,1.512,0.171,6.696,0.432,4.536,2.592,1.75,165,31,7,7,2,21,12,2,3,1,0,0,0,0,0,12,1705131
2024,Regular Season,ヤクルトスワローズ,45,"Kozawa, Reiji",6,6,11,2.0,8.0,40,77.2,0.5,2.55,1.12,2.549,0.55,7.416,0.695,7.648,2.665,2.87,309,64,22,22,6,66,23,2,1,4,0,0,0,0,8,21,1705132
2024,Climax Series - First Stage,阪神タイガース,47,"Kirishiki, Takuma",0,0,0,,,1,1.1,0.0,13.5,1.5,13.5,2.0,13.5,0.0,6.75,0.0,,6,2,2,2,0,1,0,0,0,0,0,0,0,0,0,0,1705155
2024,Regular Season,阪神タイガース,47,"Kirishiki, Takuma",3,1,0,40.0,43.0,70,65.1,0.75,1.79,1.01,1.929,0.2,6.612,0.0,8.265,2.48,3.333,263,48,14,13,0,60,18,5,4,1,0,0,0,0,0,7,1705155
2024,Regular Season,読売巨人,93,"Matsui, Hayate",0,0,0,0.0,0.0,2,1.1,0.0,13.5,3.75,13.5,1.0,13.5,6.75,6.75,20.25,0.333,9,2,2,2,1,1,3,0,0,0,0,0,0,0,0,1,1805157
2024,Regular Season,千葉ロッテ,66,"Sawada, Keisuke",2,1,0,8.0,10.0,21,20.0,0.667,3.6,1.5,4.05,0.429,9.9,0.0,3.6,3.6,1.0,89,22,9,8,0,8,8,1,1,0,0,0,0,0,0,6,1905134
2024,Regular Season,中日ドラゴンズ,50,"Shimizu, Tatsuya",3,1,1,36.0,39.0,60,58.0,0.75,1.4,1.017,1.862,0.2,6.362,0.155,8.069,2.793,2.889,229,41,12,9,1,52,18,2,1,5,0,0,0,0,0,8,1905136
2024,Regular Season,楽天イーグルス,56,"Suzuki, Sora",2,0,1,24.0,26.0,49,48.2,1.0,1.66,0.925,1.664,0.184,4.438,0.0,8.877,3.884,2.286,186,24,9,9,0,48,21,0,1,3,1,0,0,0,0,7,1905138
2024,Regular Season,横浜DeNA,59,"Taira, Kentaro",2,0,0,0.0,0.0,4,29.2,1.0,1.21,0.876,1.213,1.0,7.281,0.303,6.674,0.607,11.0,108,24,4,4,1,22,2,0,0,0,0,1,1,1,4,0,1905139
2024,Climax Series - First Stage,日ハム,67,"Yamamoto, Takumi",0,0,0,,,1,0.2,0.0,0.0,0.0,0.0,0.0,0.0,0.0,0.0,0.0,,2,0,0,0,0,0,0,0,0,0,0,0,0,0,0,1,3105136
2024,Regular Season,日ハム,67,"Yamamoto, Takumi",6,0,0,3.0,9.0,36,39.2,1.0,1.82,1.109,2.042,0.25,7.941,0.454,6.807,2.042,3.333,161,35,9,8,2,30,9,1,2,1,0,0,0,0,0,13,3105136
2024,Regular Season,ヤクルトスワローズ,28,"Matsumoto, Kengo",1,1,0,0.0,0.0,3,14.1,0.5,4.4,1.256,4.395,2.333,10.674,1.256,7.535,0.628,12.0,60,17,7,7,2,12,1,0,1,0,0,1,1,1,3,0,3105159
2024,Climax Series - Final Stage,読売巨人,19,"Yamasaki, Iori",1,0,0,,,1,6.1,1.0,0.0,0.947,0.0,0.0,8.526,0.0,7.105,0.0,,24,6,0,0,0,5,0,0,0,0,0,0,0,0,1,0,3305153
2024,Regular Season,読売巨人,19,"Yamasaki, Iori",10,6,0,0.0,0.0,24,147.1,0.625,2.81,1.235,2.932,2.0,8.552,0.489,6.292,2.566,2.452,621,140,48,46,8,103,42,1,10,2,0,1,1,0,24,0,3305153
2024,Regular Season,横浜DeNA,62,"Wick, Rowan",5,1,1,11.0,16.0,43,45.0,0.833,2.6,1.244,3.2,0.372,7.2,0.6,10.0,4.0,2.5,193,36,16,13,3,50,20,1,1,3,0,0,0,0,0,8,3505159
2024,Climax Series - Final Stage,読売巨人,29,"Griffin, Foster",0,0,0,,,1,4.0,0.0,2.25,1.25,2.25,1.0,6.75,2.25,9.0,4.5,2.0,18,3,1,1,1,4,2,0,1,0,0,0,0,0,1,0,3705157
2024,Regular Season,読売巨人,29,"Griffin, Foster",6,4,0,0.0,0.0,20,116.2,0.6,3.01,1.046,3.086,2.0,7.637,0.694,9.72,1.774,5.478,468,99,40,39,9,126,23,0,4,0,1,0,0,0,20,0,3705157
2024,Regular Season,阪神タイガース,99,"Beasley, Jeremy",8,3,0,0.0,0.0,14,76.2,0.727,2.47,1.004,2.7,1.643,6.222,0.704,8.804,2.817,3.125,305,53,23,21,6,75,24,0,5,4,0,1,0,0,13,0,3905157
2024,Climax Series - Final Stage,横浜DeNA,20,"Sakamoto, Yuya",0,0,0,,,4,2.0,0.0,0.0,0.0,0.0,0.0,0.0,0.0,9.0,0.0,,6,0,0,0,0,2,0,0,0,0,0,0,0,0,0,0,11015151
2024,Climax Series - First Stage,横浜DeNA,20,"Sakamoto, Yuya",0,0,0,,,2,1.1,0.0,0.0,0.0,0.0,0.0,0.0,0.0,13.5,0.0,,4,0,0,0,0,2,0,0,0,0,0,0,0,0,0,0,11015151
2024,Japan Series,横浜DeNA,20,"Sakamoto, Yuya",1,0,0,,,4,5.1,1.0,0.0,0.75,0.0,0.0,5.063,0.0,6.75,1.688,4.0,19,3,0,0,0,4,1,1,0,0,0,0,0,0,0,0,11015151
2024,Regular Season,横浜DeNA,20,"Sakamoto, Yuya",1,1,0,13.0,14.0,48,45.0,0.5,2.2,1.222,3.2,0.333,8.6,0.6,7.8,2.4,3.25,190,43,16,11,3,39,12,2,1,3,0,0,0,0,0,10,11015151
2024,Regular Season,楽天イーグルス,18,"Tanaka, Masahiro",0,1,0,0.0,0.0,1,5.0,0.0,7.2,1.6,7.2,4.0,10.8,1.8,1.8,3.6,0.5,23,6,4,4,1,1,2,0,0,0,0,0,0,0,1,0,11215114
2024,Regular Season,ヤクルトスワローズ,19,"Ishikawa, Masanori",1,4,0,0.0,0.0,9,37.1,0.2,4.1,1.366,4.821,2.222,10.848,0.964,2.411,1.446,1.667,161,45,20,17,4,10,6,0,1,1,0,1,1,1,8,0,11315115
2024,Regular Season,横浜DeNA,14,"Ishida, Kenta",2,3,0,0.0,0.0,6,32.0,0.4,3.38,1.063,3.656,2.167,7.875,1.406,6.75,1.688,4.0,126,28,13,12,5,24,6,0,0,0,0,0,0,0,6,0,11315130
2024,Regular Season,阪神タイガース,34,"Urushihara, Taisei",1,4,0,5.0,6.0,38,34.2,0.2,3.89,1.587,4.154,0.421,9.865,0.0,5.712,4.413,1.294,153,38,16,15,0,22,17,0,0,0,0,0,0,0,0,16,11315138
2024,Regular Season,西武ライオンズ,23,"Itogawa, Ryota",0,1,0,0.0,0.0,4,3.2,0.0,9.82,3.0,9.818,1.0,12.273,0.0,2.455,14.727,0.167,21,5,4,4,0,1,6,0,0,0,0,0,0,0,0,3,11315159
2024,Regular Season,広島カープ,28,"Tokoda, Hiroki",11,9,0,0.0,0.0,26,167.0,0.55,2.48,1.305,2.802,2.0,9.162,0.485,5.12,2.587,1.979,693,170,52,46,9,95,48,4,4,0,0,0,0,0,26,0,11415134
2024,Regular Season,楽天イーグルス,52,"Tsurusaki, Taisei",1,1,0,0.0,1.0,14,23.2,0.5,6.85,1.732,7.225,1.357,13.69,0.0,5.324,1.901,2.8,110,36,19,18,0,14,5,0,3,0,0,0,0,0,2,4,11415151
2024,Regular Season,中日ドラゴンズ,22,"Ohno, Yudai",2,6,0,0.0,0.0,9,44.1,0.25,4.87,1.398,5.481,3.0,10.15,1.015,5.481,2.436,2.25,192,50,27,24,5,27,12,0,2,1,0,0,0,0,9,0,11515133
2024,Regular Season,ヤクルトスワローズ,29,"Ogawa, Yasuhiro",2,5,0,0.0,0.0,12,62.0,0.286,4.65,1.339,5.081,2.917,10.887,0.871,5.806,1.161,5.0,264,75,35,32,6,40,8,2,0,0,0,0,0,0,11,1,11515137
2024,Climax Series - First Stage,千葉ロッテ,14,"Ojima, Kazuya",0,0,0,,,1,6.1,0.0,1.42,1.105,1.421,1.0,7.105,0.0,5.684,2.842,2.0,24,5,1,1,0,4,2,0,0,0,0,0,0,0,1,0,11515138
2024,Regular Season,千葉ロッテ,14,"Ojima, Kazuya",12,10,0,0.0,0.0,25,163.1,0.545,3.58,1.182,3.747,2.72,8.651,0.827,7.273,1.984,3.667,671,157,68,65,15,132,36,0,7,5,0,5,1,1,25,0,11515138
2024,Climax Series - First Stage,阪神タイガース,64,"Okadome, Hidetaka",0,0,0,,,2,2.0,0.0,9.0,1.0,9.0,1.0,9.0,0.0,0.0,0.0,,9,2,2,2,0,0,0,0,1,0,0,0,0,0,0,1,11515155
2024,Regular Season,阪神タイガース,64,"Okadome, Hidetaka",1,0,1,6.0,7.0,35,38.0,1.0,2.84,1.237,3.789,0.457,8.526,0.237,5.684,2.605,2.182,163,36,16,12,1,24,11,1,2,0,0,0,0,0,0,10,11515155
2024,Regular Season,ソフトバンク,53,"Ohyama, Ryo",1,1,0,1.0,2.0,18,27.2,0.5,3.25,1.193,3.253,0.556,6.181,0.651,7.482,4.554,1.643,114,19,10,10,2,23,14,0,2,1,0,0,0,0,2,3,11515159
2024,Regular Season,ヤクルトスワローズ,53,"Hasegawa, Hiroki",1,0,0,2.0,3.0,19,21.0,1.0,4.71,1.476,4.714,0.579,9.0,1.714,9.0,4.286,2.1,92,21,11,11,4,21,10,1,1,2,0,0,0,0,0,8,11615134
2024,Regular Season,日ハム,40,"Fukuda, Suguru",0,0,0,0.0,0.0,2,2.0,0.0,0.0,1.5,0.0,0.0,4.5,0.0,4.5,9.0,0.5,9,1,0,0,0,1,2,1,0,0,0,0,0,0,0,0,11615138
2024,Regular Season,ソフトバンク,20,"Nakamura, Ryota",0,0,0,0.0,0.0,1,1.0,0.0,18.0,3.0,18.0,2.0,27.0,18.0,9.0,0.0,,6,3,2,2,2,1,0,0,0,0,0,0,0,0,0,1,11615153
2024,Regular Season,横浜DeNA,48,"Kyoyama, Masaya",2,1,0,5.0,7.0,23,22.1,0.667,2.01,1.612,2.821,0.304,7.254,0.0,8.06,7.254,1.111,103,18,7,5,0,20,18,4,0,3,0,0,0,0,0,6,11715134
2024,Regular Season,阪神タイガース,92,"Kawahara, Riku",0,0,0,0.0,0.0,1,1.0,0.0,0.0,2.0,0.0,0.0,9.0,0.0,18.0,9.0,2.0,5,1,0,0,0,2,1,0,0,0,0,0,0,0,0,0,11715138
2024,Regular Season,ソフトバンク,21,"Wada, Tsuyoshi",2,2,0,3.0,3.0,8,26.1,0.5,3.76,1.177,4.101,1.5,9.228,0.684,6.152,1.367,4.5,108,27,12,11,2,18,4,0,2,0,0,0,0,0,5,0,11815117
2024,Regular Season,ヤクルトスワローズ,24,"Hoshi, Tomoya",1,0,1,2.0,3.0,36,37.1,1.0,3.62,1.473,3.616,0.417,8.92,0.964,7.955,4.339,1.833,166,37,15,15,4,33,18,2,2,1,0,0,0,0,0,8,11815134
2024,Regular Season,中日ドラゴンズ,59,"Saitoh, Kohki",4,3,0,19.0,23.0,56,47.1,0.571,2.09,1.331,2.092,0.196,8.556,0.19,8.366,3.423,2.444,200,45,11,11,1,44,18,4,1,2,0,0,0,0,0,9,11915130
2024,Regular Season,楽天イーグルス,40,"Sakurai, Shuto",0,0,0,0.0,0.0,8,10.2,0.0,8.44,1.781,8.438,1.25,9.281,0.0,7.594,6.75,1.125,48,11,10,10,0,9,8,1,0,1,0,0,0,0,0,1,11915136
2024,Regular Season,ヤクルトスワローズ,20,"Kizawa, Naofumi",3,3,5,16.0,19.0,55,53.0,0.5,3.06,1.321,3.226,0.345,8.491,0.679,7.811,3.396,2.3,225,50,19,18,4,46,20,5,0,5,0,0,0,0,0,18,11915153
2024,Regular Season,オリックス,56,"Kogita, Atsuya",1,1,0,8.0,9.0,13,13.0,0.5,1.38,0.692,1.385,0.154,6.231,0.0,7.615,0.0,,46,9,2,2,0,11,0,0,0,0,0,0,0,0,0,2,11915155
2024,Regular Season,楽天イーグルス,53,"Sakai, Haruto",0,0,0,0.0,0.0,1,1.0,0.0,0.0,3.0,0.0,0.0,9.0,0.0,0.0,18.0,0.0,5,1,0,0,0,0,2,0,0,0,0,0,0,0,0,0,11915159
2024,Regular Season,楽天イーグルス,20,"Turley, Nik",0,1,1,2.0,2.0,17,15.1,0.0,2.93,1.761,2.935,0.294,8.804,1.174,7.63,7.043,1.083,72,15,5,5,2,13,12,0,1,0,0,0,0,0,0,4,13015155
2024,Regular Season,オリックス,23,"Yoshida, Kosei",4,0,0,14.0,18.0,50,40.2,1.0,3.32,1.328,3.32,0.3,8.852,0.221,6.639,3.098,2.143,173,40,15,15,1,30,14,0,5,1,0,0,0,0,0,9,13115138
2024,Regular Season,楽天イーグルス,45,"Matsui, Tomotaka",1,1,0,0.0,0.0,7,22.2,0.5,6.75,1.941,7.147,2.571,11.912,0.397,3.971,5.559,0.714,109,30,18,17,1,10,14,0,0,1,0,0,0,0,3,0,13115155
2024,Regular Season,ソフトバンク,41,"Maeda, Yugo",0,0,0,0.0,0.0,1,3.0,0.0,18.0,3.0,18.0,6.0,24.0,3.0,0.0,3.0,0.0,19,8,6,6,1,0,1,0,1,0,0,0,0,0,1,0,13115159
2024,Regular Season,オリックス,59,"Perdomo, Luis",1,0,4,14.0,15.0,28,28.0,1.0,0.64,0.821,0.643,0.071,6.429,0.321,6.107,0.964,6.333,105,20,2,2,1,19,3,0,0,0,0,0,0,0,0,9,13215157
2024,Regular Season,千葉ロッテ,93,"Yoshida, Ryo",0,0,0,0.0,0.0,9,11.2,0.0,6.17,1.371,6.171,0.889,8.486,2.314,8.486,3.857,2.2,51,11,8,8,3,11,5,0,0,1,0,0,0,0,0,7,13315132
2024,Climax Series - First Stage,阪神タイガース,41,"Murakami, Shoki",0,0,0,,,1,1.0,0.0,27.0,3.0,27.0,3.0,27.0,9.0,0.0,0.0,,6,3,3,3,1,0,0,0,0,0,0,0,0,0,0,0,13315153
2024,Regular Season,阪神タイガース,41,"Murakami, Shoki",7,11,0,0.0,0.0,25,153.2,0.389,2.58,1.145,3.338,2.28,8.375,0.41,7.614,1.933,3.939,635,143,57,44,7,130,33,2,2,5,0,2,0,1,23,1,13315153
2024,Regular Season,楽天イーグルス,72,"Miyamori, Satoshi",0,0,0,0.0,0.0,9,9.0,0.0,1.0,0.778,1.0,0.111,5.0,0.0,5.0,2.0,2.5,34,5,1,1,0,5,2,0,0,0,0,0,0,0,0,6,13315155
2024,Climax Series - Final Stage,ソフトバンク,54,"Osuna, Roberto",0,0,2,,,3,3.0,0.0,0.0,0.667,0.0,0.0,6.0,0.0,12.0,0.0,,11,2,0,0,0,4,0,0,0,0,0,0,0,0,0,3,13415155
2024,Japan Series,ソフトバンク,54,"Osuna, Roberto",0,0,1,,,2,2.0,0.0,9.0,2.0,13.5,1.5,18.0,0.0,0.0,0.0,,11,4,3,2,0,0,0,0,0,0,0,0,0,0,0,2,13415155
2024,Regular Season,ソフトバンク,54,"Osuna, Roberto",0,3,24,5.0,5.0,39,38.1,0.0,3.76,1.2,3.757,0.41,8.452,0.704,5.4,2.348,2.3,157,36,16,16,3,23,10,0,2,1,0,0,0,0,0,29,13415155
2024,Climax Series - Final Stage,横浜DeNA,49,"Wendelken, J.B.",0,0,0,,,3,2.2,0.0,0.0,0.75,0.0,0.0,3.375,0.0,3.375,3.375,1.0,9,1,0,0,0,1,1,0,0,0,0,0,0,0,0,1,13715157
2024,Climax Series - First Stage,横浜DeNA,49,"Wendelken, J.B.",0,0,0,,,1,1.0,0.0,9.0,2.0,9.0,1.0,18.0,0.0,0.0,0.0,,5,2,1,1,0,0,0,0,0,1,0,0,0,0,0,0,13715157
2024,Japan Series,横浜DeNA,49,"Wendelken, J.B.",0,0,0,,,1,1.0,0.0,0.0,0.0,0.0,0.0,0.0,0.0,18.0,0.0,,3,0,0,0,0,2,0,0,0,0,0,0,0,0,0,1,13715157
2024,Regular Season,横浜DeNA,49,"Wendelken, J.B.",1,1,0,16.0,17.0,28,26.1,0.5,1.71,1.101,1.709,0.179,6.835,0.342,8.544,3.076,2.778,109,20,5,5,1,25,9,0,2,0,0,0,0,0,0,3,13715157
2024,Climax Series - Final Stage,横浜DeNA,69,"Kay, Anthony",1,0,0,,,2,9.1,1.0,0.96,1.179,1.929,1.0,2.893,0.0,8.679,7.714,1.125,40,3,2,1,0,9,8,1,0,0,0,0,0,0,2,0,13715159
2024,Japan Series,横浜DeNA,69,"Kay, Anthony",1,0,0,,,1,7.0,1.0,0.0,0.714,0.0,0.0,5.143,0.0,9.0,1.286,7.0,26,4,0,0,0,7,1,0,0,0,0,0,0,0,1,0,13715159
2024,Regular Season,横浜DeNA,69,"Kay, Anthony",6,9,0,0.0,0.0,24,136.2,0.4,3.42,1.339,4.017,2.542,8.561,0.395,7.837,3.49,2.245,590,130,61,52,6,119,53,5,7,4,1,1,0,0,24,0,13715159
2024,Regular Season,千葉ロッテ,41,"Dykstra, James",1,0,0,0.0,0.0,3,11.0,1.0,1.64,1.636,2.455,1.0,8.182,1.636,9.0,6.545,1.375,49,10,3,2,2,11,8,0,0,1,0,0,0,0,2,0,13915159
2024,Regular Season,中日ドラゴンズ,12,"Tajima, Shinji",0,0,0,1.0,1.0,2,0.1,0.0,108.0,15.0,108.0,2.0,108.0,0.0,27.0,27.0,1.0,6,4,4,4,0,1,1,0,0,0,0,0,0,0,0,0,21025135
2024,Regular Season,中日ドラゴンズ,24,"Fukutani, Koji",3,1,0,1.0,1.0,8,29.0,0.75,3.72,1.276,3.724,1.5,9.31,0.931,4.966,2.172,2.286,121,30,12,12,3,16,7,0,0,1,0,0,0,0,4,0,21025137
2024,Regular Season,西武ライオンズ,16,"Sumida, Chihiro",9,10,0,0.0,0.0,26,179.1,0.474,2.76,1.093,2.81,2.154,8.08,0.552,7.729,1.757,4.4,719,161,56,55,11,154,35,1,3,5,0,2,1,1,26,0,21025155
2024,Regular Season,ヤクルトスワローズ,12,"Ishiyama, Taichi",1,0,5,8.0,9.0,37,41.1,1.0,4.35,1.621,4.355,0.541,11.54,0.435,8.492,3.048,2.786,189,53,20,20,2,39,14,5,1,3,0,0,0,0,0,12,21125137
2024,Regular Season,横浜DeNA,54,"Ishida, Yutaro",4,3,0,0.0,0.0,12,59.0,0.571,3.97,1.492,4.119,2.25,11.593,0.61,5.949,1.831,3.25,260,76,27,26,4,39,12,1,0,1,0,1,1,1,12,0,21125159
2024,Regular Season,横浜DeNA,64,"Nakagawa, Koh",1,3,0,10.0,11.0,31,31.0,0.25,3.19,1.258,3.194,0.355,8.419,0.581,8.71,2.903,3.0,134,29,11,11,2,30,10,2,1,2,0,0,0,0,0,7,21225136
2024,Regular Season,中日ドラゴンズ,38,"Matsuba, Takahiro",5,6,0,0.0,0.0,17,93.1,0.455,3.09,1.168,3.182,1.941,8.196,0.771,4.821,2.314,2.083,381,85,33,32,8,50,24,0,2,2,0,2,0,0,17,0,21225137
2024,Regular Season,広島カープ,19,"Nomura, Yusuke",0,1,0,0.0,0.0,3,11.0,0.0,2.45,1.182,3.273,1.333,9.0,0.818,6.545,1.636,4.0,46,11,4,3,1,8,2,0,0,0,0,0,0,0,3,0,21425135
2024,Regular Season,中日ドラゴンズ,13,"Hashimoto, Yuki",3,1,0,5.0,8.0,47,52.0,0.75,1.73,1.308,3.288,0.404,7.962,0.0,9.346,3.808,2.455,225,46,19,10,0,54,22,0,2,0,0,0,0,0,0,9,21425151
2024,Climax Series - Final Stage,横浜DeNA,53,"Nakagawa, Hayate",0,0,0,,,3,3.1,0.0,0.0,0.6,0.0,0.0,5.4,0.0,8.1,0.0,,13,2,0,0,0,3,0,0,0,0,0,0,0,0,0,0,21425153
2024,Japan Series,横浜DeNA,53,"Nakagawa, Hayate",0,0,0,,,3,3.0,0.0,0.0,0.0,0.0,0.0,0.0,0.0,12.0,0.0,,9,0,0,0,0,4,0,0,0,0,0,0,0,0,0,1,21425153
2024,Regular Season,横浜DeNA,53,"Nakagawa, Hayate",3,0,1,5.0,6.0,29,57.0,1.0,4.42,1.368,4.737,1.034,10.263,0.474,5.684,2.053,2.769,250,65,30,28,3,36,13,0,6,0,0,0,0,0,6,7,21425153
2024,Regular Season,千葉ロッテ,19,"Karakawa, Yuki",3,2,0,0.0,0.0,8,38.0,0.6,2.37,0.816,2.368,1.25,6.632,1.184,7.342,0.711,10.333,147,28,10,10,5,31,3,0,2,0,0,0,0,0,6,0,21525116
2024,Regular Season,中日ドラゴンズ,41,"Katsuno, Akiyoshi",1,1,0,7.0,8.0,39,41.0,0.5,3.51,1.415,3.512,0.41,9.659,0.22,7.244,3.073,2.357,174,44,16,16,1,33,14,3,0,2,0,0,0,0,0,13,21525138
2024,Regular Season,阪神タイガース,54,"Kajiya, Ren",2,0,0,1.0,3.0,13,12.0,1.0,4.5,1.5,6.0,0.615,8.25,0.0,9.0,5.25,1.714,54,11,8,6,0,12,7,1,1,2,0,0,0,0,0,7,21525139
2024,Regular Season,広島カープ,36,"Horie, Atsuya",2,0,0,16.0,18.0,53,40.0,1.0,1.58,1.375,2.925,0.245,8.775,0.0,8.55,3.6,2.375,174,39,13,7,0,38,16,0,4,1,0,0,0,0,0,8,21625130
2024,Regular Season,中日ドラゴンズ,54,"Fujishima, Kento",3,3,0,14.0,17.0,50,49.0,0.5,2.2,0.939,2.388,0.26,5.327,0.918,8.449,3.122,2.706,193,29,13,12,5,46,17,0,2,1,0,0,0,0,0,6,21625134
2024,Regular Season,読売巨人,91,"Hotta, Kenshin",3,3,0,0.0,1.0,17,51.1,0.5,2.45,1.091,2.455,0.824,7.539,0.351,5.26,2.279,2.308,200,43,14,14,2,30,13,0,2,0,0,0,0,0,7,4,21625151
2024,Climax Series - Final Stage,日ハム,48,"Saito, Yukiya",0,0,0,,,1,1.0,0.0,0.0,0.0,0.0,0.0,0.0,0.0,18.0,0.0,,3,0,0,0,0,2,0,0,0,0,0,0,0,0,0,0,21725138
2024,Climax Series - First Stage,日ハム,48,"Saito, Yukiya",0,0,0,,,1,0.2,0.0,0.0,3.0,0.0,0.0,0.0,0.0,0.0,27.0,0.0,4,0,0,0,0,0,2,1,0,0,0,0,0,0,0,0,21725138
2024,Regular Season,日ハム,48,"Saito, Yukiya",1,1,1,5.0,6.0,25,26.1,0.5,1.71,1.329,2.051,0.24,7.861,0.684,8.544,4.101,2.083,115,23,6,5,2,25,12,0,0,3,0,0,0,0,0,10,21725138
2024,Regular Season,ヤクルトスワローズ,69,"Konno, Ryuta",0,0,0,1.0,1.0,6,6.1,0.0,0.0,1.579,0.0,0.0,9.947,0.0,5.684,4.263,1.333,28,7,0,0,0,4,3,1,0,0,0,0,0,0,0,2,21725139
2024,Regular Season,オリックス,31,"Saiki, Kaito",0,2,0,1.0,1.0,15,23.0,0.0,5.09,1.478,5.478,0.933,10.957,0.783,5.87,2.348,2.5,100,28,14,13,2,15,6,0,0,0,0,0,0,0,2,7,21725157
2024,Regular Season,楽天イーグルス,17,"Koja, Tatsuki",5,8,0,0.0,0.0,15,83.1,0.385,4.32,1.212,4.536,2.8,7.56,1.08,6.264,3.348,1.871,347,70,42,40,10,58,31,1,7,0,0,0,0,0,15,0,21725159
2024,Climax Series - Final Stage,日ハム,18,"Yamasaki, Sachiya",0,1,0,,,1,3.2,0.0,4.91,1.636,7.364,3.0,12.273,0.0,2.455,2.455,1.0,18,5,3,2,0,1,1,0,0,0,0,0,0,0,1,0,21825130
2024,Climax Series - First Stage,日ハム,18,"Yamasaki, Sachiya",1,0,0,,,1,3.0,1.0,0.0,0.667,0.0,0.0,0.0,0.0,3.0,6.0,0.5,11,0,0,0,0,1,2,0,0,0,0,0,0,0,0,1,21825130
2024,Regular Season,日ハム,18,"Yamasaki, Sachiya",10,6,0,0.0,0.0,24,147.2,0.625,3.17,1.151,3.474,2.375,8.655,1.036,4.51,1.707,2.643,600,142,57,52,17,74,28,1,4,3,0,2,0,1,24,0,21825130
2024,Regular Season,読売巨人,66,"Heinai, Ryuta",1,2,0,2.0,3.0,31,33.1,0.333,2.16,1.23,2.97,0.355,9.45,1.08,5.94,1.62,3.667,140,35,11,8,4,22,6,1,1,2,0,0,0,0,0,17,21825153
2024,Regular Season,ヤクルトスワローズ,40,"Takanashi, Hirotoshi",1,4,0,0.0,0.0,8,37.0,0.2,4.14,1.405,4.622,2.375,10.703,1.703,9.0,1.946,4.625,158,44,19,17,7,37,8,3,1,2,0,0,0,0,6,0,21925139
2024,Regular Season,楽天イーグルス,19,"Shoji, Kosei",1,4,0,0.0,0.0,7,29.2,0.2,6.98,1.685,7.888,3.714,9.708,1.213,7.888,5.461,1.444,136,32,26,23,4,26,18,0,0,4,0,0,0,0,7,0,21925157
2024,Climax Series - First Stage,千葉ロッテ,60,"Yokoyama, Rikuto",0,0,0,,,2,1.1,0.0,0.0,1.5,6.75,0.5,13.5,0.0,20.25,0.0,,6,2,1,0,0,3,0,0,0,1,0,0,0,0,0,0,23125151
2024,Regular Season,千葉ロッテ,60,"Yokoyama, Rikuto",3,1,3,18.0,21.0,43,42.0,0.75,1.71,0.952,1.714,0.186,5.786,0.214,7.929,2.786,2.846,169,27,8,8,1,37,13,3,5,2,0,0,0,0,1,8,23125151
2024,Regular Season,西武ライオンズ,70,"Mameda, Taishi",0,1,0,0.0,0.0,15,15.2,0.0,6.32,2.106,6.894,0.8,12.638,0.574,6.894,6.319,1.091,78,22,12,11,1,12,11,1,0,2,0,0,0,0,0,5,23125153
2024,Regular Season,ソフトバンク,42,"Miura, Mizuki",0,0,0,0.0,0.0,5,5.0,0.0,0.0,1.4,0.0,0.0,7.2,0.0,7.2,5.4,1.333,22,4,0,0,0,4,3,0,2,0,0,0,0,0,0,5,23125155
2024,Regular Season,横浜DeNA,34,"Matsumoto, Ryoto",0,0,0,1.0,1.0,10,10.2,0.0,5.91,1.5,5.906,0.7,8.438,0.0,2.531,5.063,0.5,50,10,7,7,0,3,6,1,2,0,0,0,0,0,0,2,23125159
2024,Climax Series - Final Stage,読売巨人,49,"Baldonado, Alberto",0,0,0,,,4,3.2,0.0,0.0,1.636,0.0,0.0,9.818,0.0,9.818,4.909,2.0,15,4,0,0,0,4,2,0,0,0,0,0,0,0,0,0,23225157
2024,Regular Season,読売巨人,49,"Baldonado, Alberto",2,3,9,26.0,28.0,58,51.2,0.4,2.44,1.316,2.613,0.259,6.968,0.174,10.974,4.877,2.25,220,40,15,14,1,63,28,1,0,2,0,0,0,0,0,17,23225157
2024,Regular Season,千葉ロッテ,33,"Yagi, Akira",0,0,0,2.0,2.0,9,11.0,0.0,4.09,1.091,4.091,0.556,9.0,0.818,7.364,0.818,9.0,45,11,5,5,1,9,1,0,0,1,0,0,0,0,0,3,23325155
2024,Regular Season,楽天イーグルス,71,"Yoshikawa, Kazuki",0,0,0,0.0,0.0,13,20.0,0.0,5.4,2.0,5.4,0.923,14.4,0.9,7.65,3.6,2.125,97,32,12,12,2,17,8,0,1,0,0,0,0,0,0,6,23525155
2024,Regular Season,楽天イーグルス,31,"Watanabe, Shota",7,2,0,12.0,19.0,49,47.1,0.778,3.04,1.352,3.613,0.388,7.986,0.38,7.796,4.183,1.864,201,42,19,16,2,41,22,4,0,3,0,0,0,0,0,13,23525157
2024,Regular Season,ヤクルトスワローズ,39,"Espada, Jose",0,2,0,5.0,5.0,24,27.0,0.0,5.0,1.519,5.0,0.625,9.0,1.0,5.333,4.667,1.143,118,27,15,15,3,16,14,1,0,1,0,0,0,0,0,7,23525159
2024,Regular Season,中日ドラゴンズ,92,"Martinez, Raidel",2,3,43,7.0,9.0,60,58.0,0.4,1.09,0.81,1.241,0.133,5.431,0.155,9.155,1.862,4.917,217,35,8,7,1,59,12,2,2,0,1,0,0,0,0,51,23925134
2024,Regular Season,日ハム,31,"Murphy, Patrick",1,2,0,13.0,14.0,40,38.2,0.333,3.26,1.19,3.957,0.425,7.216,0.466,6.983,3.491,2.0,158,31,17,14,2,30,15,1,3,1,0,0,0,0,0,9,23925159
2024,Regular Season,西武ライオンズ,61,"Taira, Kaima",3,2,0,9.0,11.0,22,48.2,0.6,1.66,1.336,2.034,0.5,8.137,0.185,7.952,3.884,2.048,208,44,11,9,1,43,21,0,5,1,0,0,0,0,5,2,31035136
2024,Climax Series - First Stage,千葉ロッテ,17,"Sasaki, Roki",1,0,0,,,1,8.0,1.0,0.0,0.875,0.0,0.0,5.625,0.0,10.125,2.25,4.5,28,5,0,0,0,9,2,0,0,0,0,0,0,0,1,0,31035151
2024,Regular Season,千葉ロッテ,17,"Sasaki, Roki",10,5,0,0.0,0.0,18,111.0,0.667,2.35,1.036,2.757,1.889,6.73,0.162,10.459,2.595,4.031,450,83,34,29,2,129,32,1,8,9,0,1,0,1,18,0,31035151
2024,Regular Season,千葉ロッテ,34,"Takano, Shuta",1,1,0,0.0,1.0,6,14.2,0.5,3.68,1.364,3.682,1.0,9.818,0.614,9.818,2.455,4.0,64,16,6,6,1,16,4,0,0,0,0,0,0,0,2,2,31035157
2024,Regular Season,広島カープ,48,"Aduwa, Makoto",6,4,0,0.0,0.0,20,106.1,0.6,3.13,1.232,3.639,2.15,8.633,0.762,5.163,2.455,2.103,452,102,43,37,9,61,29,2,5,0,0,1,1,0,18,0,31135134
2024,Regular Season,千葉ロッテ,24,"Azuma, Yusuke",0,1,0,0.0,0.0,6,7.1,0.0,11.05,2.045,11.045,1.5,15.955,2.455,8.591,2.455,3.5,37,13,9,9,2,7,2,0,1,1,0,0,0,0,0,3,31135138
2024,Regular Season,広島カープ,21,"Nakazaki, Shota",1,1,0,3.0,4.0,24,23.0,0.5,1.96,1.13,1.957,0.208,9.391,0.391,6.261,0.783,8.0,94,24,5,5,1,16,2,0,1,1,0,0,0,0,0,4,31235133
2024,Climax Series - Final Stage,日ハム,26,"Tanaka, Seigi",0,0,0,,,1,1.0,0.0,0.0,1.0,0.0,0.0,9.0,0.0,9.0,0.0,,4,1,0,0,0,1,0,0,0,0,0,0,0,0,0,1,31235134
2024,Climax Series - First Stage,日ハム,26,"Tanaka, Seigi",0,0,0,,,1,1.2,0.0,0.0,0.0,0.0,0.0,0.0,0.0,10.8,0.0,,5,0,0,0,0,2,0,0,0,0,0,0,0,0,0,0,31235134
2024,Regular Season,日ハム,26,"Tanaka, Seigi",4,4,20,12.0,16.0,53,49.2,0.5,2.17,1.007,2.537,0.264,5.98,0.725,8.517,3.081,2.765,201,33,14,12,4,47,17,2,3,1,0,0,0,0,0,34,31235134
2024,Regular Season,楽天イーグルス,57,"Takinaka, Ryota",4,6,0,0.0,0.0,12,71.1,0.4,4.16,1.234,4.542,3.0,9.336,0.757,3.28,1.766,1.857,292,74,36,33,6,26,14,2,1,1,0,0,0,0,12,0,31235151
2024,Regular Season,広島カープ,30,"Takita, Kazuki",1,0,0,0.0,1.0,1,4.0,1.0,2.25,1.5,2.25,1.0,4.5,0.0,11.25,9.0,1.25,18,2,1,1,0,5,4,0,0,0,0,0,0,0,0,0,31235159
2024,Regular Season,中日ドラゴンズ,16,"Iwasaki, Sho",0,0,0,1.0,1.0,21,20.0,0.0,5.85,1.75,6.3,0.667,10.8,0.0,8.1,4.95,1.636,94,24,14,13,0,18,11,0,0,0,0,0,0,0,0,6,31335116
2024,Regular Season,オリックス,58,"Iguchi, Kazutomo",1,2,0,3.0,4.0,32,32.1,0.333,4.18,1.237,4.175,0.469,8.072,0.0,6.959,3.062,2.273,134,29,15,15,0,25,11,0,2,0,0,0,0,0,0,7,31335132
2024,Regular Season,西武ライオンズ,48,"Imai, Tatsuya",10,8,0,0.0,0.0,25,173.1,0.556,2.34,1.165,2.7,2.08,6.854,0.415,9.71,3.635,2.671,712,132,52,45,8,187,70,2,5,8,0,2,1,0,25,0,31335134
2024,Regular Season,読売巨人,26,"Imamura, Nobutaka",0,0,0,0.0,0.0,7,8.0,0.0,2.25,0.875,2.25,0.286,6.75,0.0,7.875,1.125,7.0,30,6,2,2,0,7,1,0,1,0,0,0,0,0,0,1,31335135
2024,Regular Season,阪神タイガース,13,"Iwazaki, Suguru",4,4,23,17.0,21.0,60,57.1,0.5,2.2,1.099,2.198,0.233,7.535,0.471,7.221,2.355,3.067,231,48,14,14,3,46,15,1,0,1,0,0,0,0,0,32,31335139
2024,Regular Season,広島カープ,17,"Tsunehiro, Hayato",1,0,0,0.0,0.0,2,11.0,1.0,2.45,1.727,2.455,1.5,12.273,0.0,5.727,3.273,1.75,52,15,3,3,0,7,4,0,1,1,0,0,0,0,2,0,31435159
2024,Regular Season,オリックス,14,"Udagawa, Yuki",0,2,0,3.0,3.0,13,11.2,0.0,2.31,1.371,4.629,0.462,3.086,0.0,10.8,9.257,1.167,50,4,6,3,0,14,12,0,0,0,0,0,0,0,0,2,31535153
2024,Regular Season,中日ドラゴンズ,20,"Wakui, Hideaki",3,5,0,0.0,0.0,16,85.0,0.375,3.07,1.2,3.282,1.938,8.365,0.424,4.871,2.435,2.0,349,79,31,29,4,46,23,1,2,3,0,0,0,0,16,0,31635110
2024,Regular Season,ヤクルトスワローズ,16,"Hara, Juri",0,0,0,0.0,0.0,7,10.0,0.0,1.8,0.9,1.8,0.286,5.4,0.9,1.8,2.7,0.667,39,6,2,2,1,2,3,1,0,0,0,0,0,0,0,2,31635132
2024,Regular Season,読売巨人,45,"Hatake, Seishu",0,0,0,0.0,0.0,1,3.0,0.0,3.0,0.333,3.0,1.0,3.0,3.0,9.0,0.0,,10,1,1,1,1,3,0,0,0,0,0,0,0,0,0,0,31635134
2024,Regular Season,千葉ロッテ,56,"Nakamori, Shunsuke",1,1,0,0.0,0.0,5,24.0,0.5,2.63,1.25,2.625,1.4,8.625,0.0,4.875,2.625,1.857,103,23,7,7,0,13,7,0,1,0,0,0,0,0,4,0,31635153
2024,Japan Series,ソフトバンク,59,"Hasegawa, Takehiro",0,0,0,,,1,1.0,0.0,0.0,1.0,0.0,0.0,0.0,0.0,0.0,9.0,0.0,4,0,0,0,0,0,1,0,0,0,0,0,0,0,0,1,31635155
2024,Regular Season,ソフトバンク,59,"Hasegawa, Takehiro",4,0,0,6.0,10.0,32,25.1,1.0,2.49,1.184,2.487,0.219,7.105,0.355,7.461,3.553,2.1,108,20,7,7,1,21,10,3,0,0,0,0,0,0,0,12,31635155
2024,Regular Season,読売巨人,17,"Nishidate, Yuhi",1,3,1,20.0,21.0,28,30.2,0.25,3.82,1.174,4.109,0.5,6.457,0.587,7.337,4.109,1.786,126,22,14,13,2,25,14,0,0,0,0,0,0,0,1,1,31635159
2024,Regular Season,ヤクルトスワローズ,18,"Okugawa, Yasunobu",3,2,0,0.0,0.0,7,32.2,0.6,2.76,1.163,3.306,1.714,7.99,1.102,3.306,2.48,1.333,136,29,12,10,4,12,9,0,3,1,0,0,0,0,6,0,31735151
2024,Regular Season,西武ライオンズ,45,"Honda, Keisuke",1,4,0,10.0,11.0,31,30.2,0.2,4.11,1.63,4.696,0.516,10.565,0.88,5.283,4.109,1.286,140,36,16,14,3,18,14,3,1,4,0,0,0,0,0,7,31835132
2024,Regular Season,楽天イーグルス,21,"Hayakawa, Takahisa",11,6,0,0.0,0.0,25,170.1,0.647,2.54,1.121,2.853,2.16,8.243,0.528,8.454,1.849,4.571,690,156,54,48,10,160,35,1,3,4,0,2,1,0,25,0,31835153
2024,Climax Series - Final Stage,読売巨人,58,"Funabasama, Hiromasa",0,0,0,,,3,1.0,0.0,0.0,2.0,0.0,0.0,18.0,0.0,0.0,0.0,,5,2,0,0,0,0,0,0,0,0,0,0,0,0,0,0,31835157
2024,Regular Season,読売巨人,58,"Funabasama, Hiromasa",4,0,0,22.0,26.0,51,38.0,1.0,2.37,0.947,2.842,0.235,6.632,0.947,5.447,1.895,2.875,150,28,12,10,4,23,8,2,3,0,0,0,0,0,0,6,31835157
2024,Regular Season,広島カープ,43,"Shimauchi, Sotaro",11,6,0,24.0,35.0,58,55.1,0.647,2.77,1.265,3.253,0.345,6.994,0.325,8.62,4.392,1.963,238,43,20,17,2,53,27,2,2,4,0,0,0,0,0,6,31935138
2024,Regular Season,横浜DeNA,18,"Kozono, Kenta",0,1,0,0.0,0.0,1,2.2,0.0,16.88,3.75,16.875,5.0,23.625,0.0,10.125,10.125,1.0,18,7,5,5,0,3,3,0,0,0,0,0,0,0,1,0,31935155
2024,Regular Season,ヤクルトスワローズ,99,"Yajure, Miguel",5,10,0,1.0,1.0,23,129.1,0.333,3.34,1.338,3.479,2.174,9.046,0.557,5.845,2.992,1.953,550,130,50,48,8,84,43,7,5,5,1,1,1,1,22,0,33035159
2024,Regular Season,日ハム,55,"Matsuura, Keito",0,0,0,1.0,1.0,5,4.0,0.0,2.25,2.5,6.75,0.6,9.0,0.0,11.25,13.5,0.833,22,4,3,1,0,5,6,0,0,0,0,0,0,0,0,0,33135155
2024,Regular Season,読売巨人,46,"Mataki, Teppei",0,1,0,0.0,0.0,3,10.1,0.0,6.1,2.032,6.097,2.333,9.581,1.742,6.097,8.71,0.7,51,11,7,7,2,7,10,0,0,0,0,0,0,0,3,0,33135159
2024,Regular Season,オリックス,21,"Yamazaki, Soichiro",0,1,0,0.0,0.0,7,6.2,0.0,1.35,1.5,1.35,0.143,9.45,0.0,2.7,4.05,0.667,28,7,1,1,0,2,3,0,0,0,0,0,0,0,0,3,33335134
2024,Regular Season,オリックス,15,"Mukunoki, Ren",1,1,0,0.0,1.0,10,13.0,0.5,5.54,1.538,5.538,0.8,12.462,0.0,4.846,1.385,3.5,60,18,8,8,0,7,2,0,1,1,0,0,0,0,1,4,33335155
2024,Climax Series - Final Stage,ソフトバンク,63,"Hernandez, Darwinzon",0,0,0,,,3,3.0,0.0,0.0,0.667,0.0,0.0,6.0,0.0,15.0,0.0,,11,2,0,0,0,5,0,0,1,0,0,0,0,0,0,0,33435157
2024,Japan Series,ソフトバンク,63,"Hernandez, Darwinzon",0,0,0,,,3,3.0,0.0,0.0,0.333,0.0,0.0,3.0,0.0,15.0,0.0,,10,1,0,0,0,5,0,0,0,0,0,0,0,0,0,0,33435157
2024,Regular Season,ソフトバンク,63,"Hernandez, Darwinzon",3,3,3,21.0,24.0,48,48.0,0.5,2.25,1.0,2.438,0.271,6.375,0.375,13.5,2.625,5.143,194,34,13,12,2,72,14,1,6,1,0,0,0,0,0,14,33435157
2024,Climax Series - Final Stage,横浜DeNA,24,"Yoshino, Teruki",0,0,0,,,1,3.0,0.0,3.0,2.333,3.0,1.0,12.0,3.0,9.0,9.0,1.0,14,4,1,1,1,3,3,2,0,0,0,0,0,0,1,0,33535157
2024,Regular Season,横浜DeNA,24,"Yoshino, Teruki",3,2,0,0.0,0.0,7,31.1,0.6,4.31,1.436,4.309,2.143,9.766,1.436,8.33,3.16,2.636,137,34,15,15,5,29,11,0,1,1,0,0,0,0,7,0,33535157
2024,Climax Series - Final Stage,日ハム,45,"VerHagen, Drew",0,0,0,,,1,2.0,0.0,0.0,0.5,0.0,0.0,4.5,0.0,9.0,0.0,,7,1,0,0,0,2,0,0,0,0,0,0,0,0,0,0,33735151
2024,Regular Season,日ハム,45,"VerHagen, Drew",2,2,0,0.0,0.0,9,49.0,0.5,3.12,1.102,3.673,2.222,8.082,0.918,7.531,1.837,4.1,199,44,20,17,5,41,10,0,2,2,0,0,0,0,9,0,33735151
2024,Regular Season,ヤクルトスワローズ,54,"Sneed, Cy",2,8,0,0.0,0.0,24,120.0,0.2,5.03,1.492,5.175,2.875,11.1,1.2,6.675,2.325,2.871,536,148,69,67,16,89,31,1,5,3,0,1,1,1,23,0,33735153
2024,Regular Season,阪神タイガース,0,"Guerra, Javy",1,4,14,31.0,32.0,59,58.0,0.2,1.55,1.0,1.552,0.169,7.293,0.466,7.448,1.707,4.364,226,47,10,10,3,48,11,1,0,2,2,0,0,0,0,21,33735159
2024,Regular Season,千葉ロッテ,42,"Mercedes, Cristopher Crisostomo",4,8,0,0.0,0.0,21,126.1,0.333,2.71,1.037,3.206,2.143,6.91,0.855,6.483,2.422,2.676,502,97,45,38,12,91,34,0,2,0,0,0,0,0,21,0,33935134
2024,Regular Season,オリックス,29,"Tajima, Daiki",6,8,0,0.0,0.0,21,117.1,0.429,3.68,1.321,3.912,2.429,9.281,0.767,6.673,2.608,2.559,501,121,51,48,10,87,34,0,2,4,0,0,0,0,21,0,41045136
2024,Climax Series - Final Stage,読売巨人,20,"Togo, Shosei",0,1,0,,,2,11.0,0.0,3.27,1.182,3.273,2.0,9.818,0.818,4.909,0.818,6.0,46,12,4,4,1,6,1,0,0,0,0,0,0,0,2,0,41045138
2024,Regular Season,読売巨人,20,"Togo, Shosei",12,8,0,0.0,0.0,26,180.0,0.6,1.95,0.961,1.95,1.5,6.45,0.6,7.8,2.2,3.545,703,129,39,39,12,156,44,3,7,3,0,4,3,1,26,0,41045138
2024,Regular Season,広島カープ,22,"Taka, Taichi",0,0,0,1.0,1.0,1,2.0,0.0,0.0,1.0,0.0,0.0,4.5,0.0,9.0,4.5,2.0,8,1,0,0,0,2,1,0,0,0,0,0,0,0,0,0,41045159
2024,Regular Season,千葉ロッテ,12,"Ishikawa, Ayumu",3,1,0,0.0,0.0,5,24.1,0.75,3.7,1.479,3.699,2.0,11.096,0.74,4.068,2.219,1.833,105,30,10,10,2,11,6,0,1,0,0,0,0,0,5,0,41145139
2024,Climax Series - Final Stage,横浜DeNA,13,"Ise, Hiromu",1,0,1,,,4,5.0,1.0,0.0,0.8,0.0,0.0,5.4,0.0,9.0,1.8,5.0,19,3,0,0,0,5,1,1,0,0,0,0,0,0,0,2,41145151
2024,Climax Series - First Stage,横浜DeNA,13,"Ise, Hiromu",0,0,0,,,1,1.0,0.0,0.0,2.0,0.0,0.0,9.0,0.0,18.0,9.0,2.0,5,1,0,0,0,2,1,0,0,0,0,0,0,0,0,0,41145151
2024,Japan Series,横浜DeNA,13,"Ise, Hiromu",0,0,0,,,4,4.0,0.0,0.0,0.5,0.0,0.0,2.25,0.0,6.75,2.25,3.0,14,1,0,0,0,3,1,0,0,0,0,0,0,0,0,1,41145151
2024,Regular Season,横浜DeNA,13,"Ise, Hiromu",2,3,0,18.0,20.0,37,32.1,0.4,3.62,1.021,3.619,0.351,7.794,1.392,7.794,1.392,5.6,129,28,13,13,5,28,5,0,2,1,0,0,0,0,0,7,41145151
2024,Climax Series - First Stage,阪神タイガース,69,"Ishii, Daichi",0,0,0,,,2,1.2,0.0,0.0,1.2,0.0,0.0,10.8,0.0,5.4,0.0,,7,2,0,0,0,1,0,0,0,0,0,0,0,0,0,1,41145153
2024,Regular Season,阪神タイガース,69,"Ishii, Daichi",4,1,1,30.0,34.0,56,48.2,0.8,1.48,0.986,2.219,0.214,6.288,0.0,10.726,2.589,4.143,189,34,12,8,0,58,14,4,0,5,0,0,0,0,0,10,41145153
2024,Regular Season,ヤクルトスワローズ,35,"Ishihara, Yuki",0,0,0,0.0,0.0,1,1.0,0.0,9.0,1.0,9.0,1.0,9.0,0.0,0.0,0.0,,5,1,1,1,0,0,0,0,0,0,0,0,0,0,0,1,41145159
2024,Regular Season,横浜DeNA,17,"Mishima, Kazuki",1,1,0,0.0,1.0,7,7.0,0.5,5.14,1.714,5.143,0.571,7.714,1.286,9.0,7.714,1.167,33,6,4,4,1,7,6,0,0,0,0,0,0,0,0,2,41245137
2024,Climax Series - Final Stage,日ハム,13,"Nabatame, Tsubasa",0,0,0,,,2,2.2,0.0,0.0,1.125,0.0,0.0,10.125,0.0,13.5,0.0,,11,3,0,0,0,4,0,0,0,0,0,0,0,0,0,0,41245138
2024,Regular Season,日ハム,13,"Nabatame, Tsubasa",1,1,1,9.0,10.0,43,41.2,0.5,3.89,1.368,3.888,0.419,10.368,0.216,7.344,1.944,3.778,172,48,18,18,1,34,9,1,1,1,0,0,0,0,0,15,41245138
2024,Regular Season,広島カープ,65,"Tamamura, Shogo",4,5,0,0.0,0.0,15,76.0,0.444,2.96,1.158,3.789,2.133,9.118,0.355,6.868,1.303,5.273,311,77,32,25,3,58,11,0,2,1,0,2,0,1,12,2,41245151
2024,Regular Season,中日ドラゴンズ,31,"Nakachi, Reia",0,0,0,0.0,0.0,1,1.0,0.0,0.0,0.0,0.0,0.0,0.0,0.0,18.0,0.0,,3,0,0,0,0,2,0,0,0,0,0,0,0,0,1,0,41245157
2024,Regular Season,日ハム,20,"Uehara, Kenta",0,5,0,0.0,0.0,7,25.1,0.0,9.24,2.092,9.237,3.714,14.211,0.711,4.618,4.618,1.0,126,40,26,26,2,13,13,1,1,0,0,0,0,0,5,0,41345132
2024,Regular Season,阪神タイガース,49,"Ohtake, Koutaro",11,7,0,0.0,0.0,24,144.2,0.611,2.8,1.154,2.924,1.958,8.336,0.498,5.661,2.053,2.758,587,134,47,45,8,91,33,1,1,1,0,0,0,0,24,0,41345136
2024,Climax Series - Final Stage,日ハム,25,"Miyanishi, Naoki",0,0,0,,,2,1.1,0.0,6.75,0.75,6.75,0.5,6.75,6.75,6.75,0.0,,5,1,1,1,1,1,0,0,0,0,0,0,0,0,0,0,41445116
2024,Climax Series - First Stage,日ハム,25,"Miyanishi, Naoki",0,0,1,,,1,1.0,0.0,0.0,0.0,0.0,0.0,0.0,0.0,0.0,0.0,,3,0,0,0,0,0,0,0,0,0,0,0,0,0,0,1,41445116
2024,Regular Season,日ハム,25,"Miyanishi, Naoki",0,1,0,19.0,19.0,30,25.2,0.0,2.1,1.091,3.506,0.333,6.312,0.701,8.416,3.506,2.4,105,18,10,6,2,24,10,2,0,2,0,0,0,0,0,2,41445116
2024,Regular Season,読売巨人,36,"Baba, Kosuke",0,0,0,0.0,0.0,1,0.2,0.0,0.0,1.5,0.0,0.0,13.5,0.0,13.5,0.0,,3,1,0,0,0,1,0,0,0,0,0,0,0,0,0,0,41445136
2024,Climax Series - Final Stage,日ハム,14,"Katoh, Takayuki",0,1,0,,,1,1.2,0.0,21.6,2.4,21.6,4.0,21.6,5.4,0.0,0.0,,9,4,4,4,1,0,0,0,0,0,0,0,0,0,1,0,41545132
2024,Climax Series - First Stage,日ハム,14,"Katoh, Takayuki",0,1,0,,,1,6.1,0.0,2.84,1.263,2.842,2.0,11.368,2.842,5.684,0.0,,24,8,2,2,2,4,0,0,0,0,0,0,0,0,1,0,41545132
2024,Regular Season,日ハム,14,"Katoh, Takayuki",10,9,0,0.0,0.0,27,166.2,0.526,2.7,1.146,2.97,2.037,9.396,0.81,5.562,0.918,6.059,672,174,55,50,15,103,17,0,1,2,0,3,2,2,27,0,41545132
2024,Regular Season,ヤクルトスワローズ,44,"Ohnishi, Hiroki",9,1,1,23.0,32.0,60,60.1,0.9,1.34,1.077,1.79,0.2,7.906,0.448,4.624,1.79,2.583,235,53,12,9,3,31,12,3,2,2,0,0,0,0,0,8,41545151
2024,Regular Season,広島カープ,12,"Ohmichi, Haruki",0,0,0,0.0,0.0,4,4.1,0.0,10.38,2.077,10.385,1.25,18.692,6.231,4.154,0.0,,22,9,5,5,3,2,0,0,0,0,0,0,0,0,0,2,41545153
2024,Japan Series,ソフトバンク,68,"Kimura, Hikaru",0,0,0,,,2,1.1,0.0,0.0,1.5,0.0,0.0,13.5,0.0,6.75,0.0,,6,2,0,0,0,1,0,0,0,0,0,0,0,0,0,2,41545157
2024,Regular Season,ソフトバンク,68,"Kimura, Hikaru",0,0,0,1.0,1.0,5,6.0,0.0,1.5,1.0,1.5,0.2,7.5,0.0,12.0,1.5,8.0,24,5,1,1,0,8,1,0,0,0,0,0,0,0,0,0,41545157
2024,Regular Season,中日ドラゴンズ,34,"Fuku, Hiroto",0,0,0,0.0,0.0,13,11.2,0.0,1.54,1.029,1.543,0.154,3.086,0.0,5.4,6.171,0.875,46,4,2,2,0,7,8,0,0,0,0,0,0,0,0,4,41645132
2024,Regular Season,オリックス,43,"Mae, Yuito",0,0,0,0.0,0.0,4,5.0,0.0,7.2,2.0,9.0,1.25,14.4,1.8,9.0,3.6,2.5,25,8,5,4,1,5,2,0,0,0,0,0,0,0,0,2,41645151
2024,Regular Season,日ハム,59,"Nemoto, Haruka",0,0,0,0.0,0.0,2,4.1,0.0,14.54,3.231,16.615,4.0,14.538,0.0,8.308,14.538,0.571,29,7,8,7,0,4,7,0,1,1,0,0,0,0,2,0,41645153
2024,Regular Season,千葉ロッテ,30,"Hirohata, Atsuya",0,0,1,2.0,2.0,8,11.1,0.0,3.18,1.147,3.971,0.625,10.324,0.0,7.147,0.0,,47,13,5,4,0,9,0,0,0,2,0,0,0,0,0,4,41645155
2024,Climax Series - First Stage,阪神タイガース,35,"Saiki, Hiroto",0,1,0,,,1,5.0,0.0,1.8,2.0,1.8,1.0,12.6,0.0,3.6,5.4,0.667,24,7,1,1,0,2,3,2,0,0,0,0,0,0,1,0,41745134
2024,Regular Season,阪神タイガース,35,"Saiki, Hiroto",13,3,0,0.0,0.0,25,167.2,0.813,1.83,1.062,1.879,1.4,7.515,0.215,7.354,2.04,3.605,671,140,35,34,4,137,38,2,0,4,0,4,3,1,25,0,41745134
2024,Climax Series - Final Stage,読売巨人,18,"Sugano, Tomoyuki",0,2,0,,,2,9.0,0.0,3.0,1.0,3.0,1.5,8.0,1.0,6.0,1.0,6.0,33,8,3,3,1,6,1,0,0,0,0,0,0,0,1,1,41745137
2024,Regular Season,読売巨人,18,"Sugano, Tomoyuki",15,3,0,0.0,0.0,24,156.2,0.833,1.67,0.945,1.781,1.292,7.583,0.345,6.377,0.919,6.938,608,132,31,29,6,111,16,0,4,4,0,3,1,3,24,0,41745137
2024,Regular Season,千葉ロッテ,36,"Sakamoto, Koshiro",1,2,0,11.0,12.0,37,33.0,0.333,5.73,1.394,6.0,0.595,9.273,0.818,9.273,3.273,2.833,146,34,22,21,3,34,12,2,5,2,0,0,0,0,0,4,41745138
2024,Regular Season,オリックス,11,"Kawase, Kento",0,1,0,0.0,0.0,8,10.1,0.0,3.48,1.742,4.355,0.625,9.581,0.0,2.613,6.097,0.429,51,11,5,4,0,3,7,0,1,0,0,0,0,0,0,6,41745153
2024,Regular Season,広島カープ,24,"Kurohara, Takumi",4,3,0,3.0,7.0,53,59.2,0.571,2.11,1.006,2.263,0.283,6.034,0.302,10.106,3.017,3.35,244,40,15,14,2,67,20,0,3,0,0,0,0,0,2,15,41745155
2024,Regular Season,オリックス,26,"Saito, Kyosuke",2,3,0,0.0,0.0,8,37.2,0.4,4.06,1.274,4.779,2.5,6.929,0.478,6.69,4.54,1.474,165,29,20,17,2,28,19,0,2,1,0,0,0,0,8,0,41745157
2024,Regular Season,オリックス,97,"Kotajima, Seiryu",2,1,0,24.0,26.0,50,45.2,0.667,0.79,1.029,1.182,0.12,5.912,0.394,8.474,3.35,2.529,179,30,6,4,2,43,17,1,1,1,0,0,0,0,0,8,41745159
2024,Climax Series - Final Stage,横浜DeNA,19,"Yamasaki, Yasuaki",0,1,0,,,3,3.2,0.0,2.45,1.364,2.455,0.333,9.818,2.455,14.727,2.455,6.0,16,4,1,1,1,6,1,1,0,0,0,0,0,0,0,0,41845130
2024,Climax Series - First Stage,横浜DeNA,19,"Yamasaki, Yasuaki",1,0,0,,,1,1.0,1.0,0.0,0.0,0.0,0.0,0.0,0.0,9.0,0.0,,3,0,0,0,0,1,0,0,0,0,0,0,0,0,0,0,41845130
2024,Japan Series,横浜DeNA,19,"Yamasaki, Yasuaki",0,0,0,,,1,1.0,0.0,0.0,2.0,0.0,0.0,0.0,0.0,9.0,18.0,0.5,5,0,0,0,0,1,2,1,0,0,0,0,0,0,0,0,41845130
2024,Regular Season,横浜DeNA,19,"Yamasaki, Yasuaki",3,5,4,11.0,14.0,38,37.2,0.375,3.35,1.221,4.301,0.474,8.363,0.956,6.929,2.628,2.636,163,35,18,14,4,29,11,0,3,1,1,0,0,0,1,9,41845130
2024,Regular Season,オリックス,22,"Muranishi, Ryota",0,0,0,0.0,0.0,1,1.0,0.0,9.0,3.0,9.0,1.0,9.0,9.0,0.0,18.0,0.0,6,1,1,1,1,0,2,0,0,0,0,0,0,0,0,1,41845151
2024,Japan Series,ソフトバンク,49,"Matsumoto, Haru",0,0,0,,,2,1.1,0.0,0.0,1.5,0.0,0.0,13.5,0.0,6.75,0.0,,6,2,0,0,0,1,0,0,0,0,0,0,0,0,0,0,41845157
2024,Regular Season,ソフトバンク,49,"Matsumoto, Haru",2,1,0,0.0,0.0,5,16.0,0.667,2.81,1.0,2.813,1.0,6.75,0.563,9.563,2.25,4.25,63,12,5,5,1,17,4,0,1,0,0,0,0,0,3,0,41845157
2024,Regular Season,楽天イーグルス,79,"Seimiya, Kotaro",0,0,0,0.0,0.0,3,3.0,0.0,12.0,2.333,12.0,1.333,12.0,0.0,3.0,9.0,0.333,16,4,4,4,0,1,3,0,0,1,0,0,0,0,0,3,41945138
2024,Regular Season,ヤクルトスワローズ,34,"Taguchi, Kazuto",1,4,7,13.0,14.0,41,33.2,0.2,2.94,1.277,3.743,0.341,9.089,0.535,5.881,2.406,2.444,139,34,14,11,2,22,9,0,1,2,0,0,0,0,0,18,41945139
2024,Regular Season,西武ライオンズ,19,"Sato, Shunsuke",2,1,0,17.0,19.0,45,37.1,0.667,1.69,0.991,1.929,0.178,4.821,0.241,7.473,4.098,1.824,149,20,8,7,1,31,17,1,2,1,0,0,0,0,0,8,41945155
2024,Regular Season,西武ライオンズ,42,"Takahashi, Bo",2,9,0,7.0,8.0,33,72.2,0.182,3.22,1.335,3.839,0.939,8.67,0.495,5.945,3.344,1.778,315,70,31,26,4,48,27,2,6,2,0,0,0,0,9,8,43045155
2024,Regular Season,ヤクルトスワローズ,68,"Maruyama, Shota",1,0,0,5.0,6.0,27,31.1,1.0,0.57,1.021,1.149,0.148,6.606,0.0,6.606,2.585,2.556,125,23,4,2,0,23,9,0,1,2,0,0,0,0,0,4,43145153
2024,Regular Season,ヤクルトスワローズ,37,"Rodriguez, Elvin",1,1,1,8.0,9.0,32,45.0,0.5,1.8,1.156,2.6,0.406,8.0,0.2,8.8,2.4,3.667,183,40,13,9,1,44,12,3,1,2,1,0,0,0,1,5,43245157
2024,Regular Season,オリックス,11,"Yamashita, Shunpeita",3,6,0,0.0,0.0,14,64.0,0.333,3.38,1.25,3.516,1.786,6.891,0.703,11.672,4.359,2.677,269,49,25,24,5,83,31,0,5,4,0,1,0,0,11,0,43345153
2024,Regular Season,横浜DeNA,93,"Diaz, Yofrec",0,0,0,4.0,4.0,7,4.2,0.0,0.0,1.071,0.0,0.0,3.857,0.0,1.929,5.786,0.333,19,2,0,0,0,1,3,0,0,3,0,0,0,0,0,1,43545151
2024,Regular Season,オリックス,0,"Espinoza, Anderson",7,9,0,0.0,0.0,22,133.2,0.438,2.63,1.272,2.895,1.955,8.214,0.135,7.608,3.232,2.354,550,122,43,39,2,113,48,0,6,1,0,1,0,0,22,0,43545159
2024,Regular Season,日ハム,41,"Rodriguez, Bryan",1,1,0,3.0,4.0,10,8.2,0.5,2.08,1.269,2.077,0.2,9.346,0.0,3.115,2.077,1.5,36,9,2,2,0,3,2,0,0,0,0,0,0,0,0,2,43745136
2024,Climax Series - Final Stage,横浜DeNA,42,"Jackson, Andre",0,1,0,,,1,6.1,0.0,4.26,1.105,5.684,4.0,8.526,0.0,4.263,1.421,3.0,26,6,4,3,0,3,1,0,0,0,0,0,0,0,1,0,43745159
2024,Climax Series - First Stage,横浜DeNA,42,"Jackson, Andre",1,0,0,,,1,5.2,1.0,1.59,1.412,1.588,1.0,6.353,1.588,14.294,6.353,2.25,25,4,1,1,1,9,4,0,0,0,0,0,0,0,1,0,43745159
2024,Japan Series,横浜DeNA,42,"Jackson, Andre",1,1,0,,,2,11.2,0.5,1.54,1.114,1.543,1.0,4.629,0.0,13.114,5.4,2.429,48,6,2,2,0,17,7,1,1,1,0,0,0,0,2,0,43745159
2024,Regular Season,横浜DeNA,42,"Jackson, Andre",8,7,0,0.0,0.0,25,143.0,0.533,2.9,1.119,3.336,2.12,6.86,0.503,7.615,3.21,2.373,587,109,53,46,8,121,51,3,6,9,0,0,0,0,25,0,43745159
2024,Regular Season,オリックス,42,"Machado, Andres",5,3,23,14.0,19.0,53,53.1,0.625,2.03,1.013,2.194,0.245,6.075,0.169,9.788,3.038,3.222,211,36,13,12,1,58,18,1,1,0,0,0,0,0,0,35,43945159
2024,Regular Season,ヤクルトスワローズ,47,"Takahashi, Keiji",8,9,0,1.0,1.0,21,115.2,0.471,3.58,1.331,4.28,2.619,9.026,0.934,8.248,2.957,2.789,504,116,55,46,12,106,38,1,8,1,0,0,0,0,20,0,51055132
2024,Climax Series - First Stage,阪神タイガース,46,"Shimamoto, Hiroya",0,0,0,,,2,2.0,0.0,0.0,2.0,0.0,0.0,9.0,0.0,4.5,9.0,0.5,9,2,0,0,0,1,2,0,0,0,0,0,0,0,0,0,51055133
2024,Regular Season,阪神タイガース,46,"Shimamoto, Hiroya",2,1,0,6.0,8.0,33,25.2,0.667,2.81,1.442,3.156,0.273,9.468,0.351,3.506,3.506,1.0,113,27,9,8,1,10,10,0,1,1,0,0,0,0,0,5,51055133
2024,Regular Season,ソフトバンク,56,"Taura, Fumimaru",0,0,0,0.0,0.0,4,3.2,0.0,2.45,1.636,2.455,0.25,9.818,0.0,2.455,4.909,0.5,17,4,1,1,0,1,2,0,0,0,0,0,0,0,0,1,51055136
2024,Regular Season,楽天イーグルス,14,"Norimoto, Takahiro",3,4,32,4.0,7.0,54,52.0,0.429,3.46,1.308,3.635,0.389,9.865,0.346,7.615,1.904,4.0,223,57,21,20,2,44,11,3,3,2,0,0,0,0,0,46,51055137
2024,Regular Season,オリックス,1,"Satoh, Kazuma",1,1,0,1.0,1.0,5,11.2,0.5,5.4,1.457,8.486,2.2,10.029,0.771,3.857,3.086,1.25,53,13,11,7,1,5,4,0,2,1,0,0,0,0,3,0,51055151
2024,Climax Series - Final Stage,ソフトバンク,17,"Arihara, Kohei",1,0,0,,,1,7.0,1.0,2.57,1.143,2.571,2.0,7.714,1.286,10.286,2.571,4.0,27,6,2,2,1,8,2,0,0,0,0,0,0,0,1,0,51155130
2024,Japan Series,ソフトバンク,17,"Arihara, Kohei",1,1,0,,,2,10.0,0.5,3.6,1.4,3.6,2.0,9.0,0.9,7.2,3.6,2.0,44,10,4,4,1,8,4,0,1,0,0,0,0,0,2,0,51155130
2024,Regular Season,ソフトバンク,17,"Arihara, Kohei",14,7,0,0.0,0.0,26,182.2,0.667,2.36,0.98,2.759,2.154,6.996,0.591,6.75,1.823,3.703,718,142,56,48,12,137,37,0,8,1,0,3,2,0,26,0,51155130
2024,Climax Series - First Stage,横浜DeNA,11,"Azuma, Katsuki",0,0,0,,,1,4.0,0.0,0.0,0.75,0.0,0.0,6.75,0.0,6.75,0.0,,16,3,0,0,0,3,0,0,1,0,0,0,0,0,1,0,51155136
2024,Japan Series,横浜DeNA,11,"Azuma, Katsuki",1,0,0,,,1,7.0,1.0,1.29,1.429,1.286,1.0,12.857,0.0,5.143,0.0,,30,10,1,1,0,4,0,0,0,0,0,0,0,0,1,0,51155136
2024,Regular Season,横浜DeNA,11,"Azuma, Katsuki",13,4,0,0.0,0.0,26,183.0,0.765,2.16,1.055,2.213,1.731,8.164,0.541,6.885,1.328,5.185,731,166,45,44,11,140,27,2,6,0,0,2,2,1,26,0,51155136
2024,Climax Series - Final Stage,読売巨人,31,"Akahoshi, Yuji",0,1,0,,,2,2.0,0.0,4.5,0.5,4.5,0.5,4.5,0.0,9.0,0.0,,7,1,1,1,0,2,0,0,0,1,0,0,0,0,0,0,51155155
2024,Regular Season,読売巨人,31,"Akahoshi, Yuji",1,7,0,1.0,1.0,21,75.0,0.125,3.12,1.013,3.36,1.333,7.92,0.96,5.16,1.2,4.3,291,66,28,26,8,43,10,0,2,1,0,0,0,0,9,1,51155155
2024,Regular Season,西武ライオンズ,29,"Aoyama, Minato",1,4,0,0.0,0.0,6,32.1,0.2,2.78,1.299,3.34,2.0,8.351,0.835,3.619,3.34,1.083,139,30,12,10,3,13,12,0,0,0,0,1,1,0,6,0,51155157
2024,Climax Series - First Stage,阪神タイガース,50,"Tomida, Ren",0,0,0,,,1,0.0,0.0,0.0,,,1.0,,,,,,1,1,1,1,1,0,0,0,0,0,0,0,0,0,0,0,51255157
2024,Regular Season,阪神タイガース,50,"Tomida, Ren",0,1,0,4.0,4.0,33,35.2,0.0,0.76,0.869,1.766,0.212,6.561,0.252,5.551,1.262,4.4,142,26,7,3,1,22,5,1,2,1,1,0,0,0,0,5,51255157
2024,Regular Season,西武ライオンズ,21,"Takeuchi, Natsuki",10,6,0,0.0,0.0,21,145.1,0.625,2.17,0.977,2.415,1.857,7.431,0.372,6.626,1.362,4.864,568,120,39,35,6,107,22,0,3,2,2,1,1,0,21,0,51255159
2024,Regular Season,中日ドラゴンズ,46,"Umeno, Yugo",1,0,0,2.0,3.0,18,21.2,1.0,4.15,1.477,5.4,0.722,10.8,0.0,4.985,2.492,2.0,97,26,13,10,0,12,6,2,1,0,0,0,0,0,0,3,51355134
2024,Regular Season,阪神タイガース,14,"Iwasada, Yuta",0,1,0,0.0,0.0,2,1.2,0.0,5.4,1.8,10.8,1.0,5.4,0.0,10.8,10.8,1.0,9,1,2,1,0,2,2,1,1,0,0,0,0,0,0,0,51355139
2024,Climax Series - Final Stage,読売巨人,97,"Inoue, Haruto",0,0,0,,,1,6.0,0.0,1.5,0.167,1.5,1.0,1.5,1.5,9.0,0.0,,19,1,1,1,1,6,0,0,0,0,0,0,0,0,1,0,51355151
2024,Regular Season,読売巨人,97,"Inoue, Haruto",8,5,0,2.0,3.0,25,101.0,0.615,2.76,1.129,2.941,1.32,7.752,0.446,8.822,2.406,3.667,413,87,33,31,5,99,27,1,3,3,0,0,0,0,15,1,51355151
2024,Climax Series - Final Stage,日ハム,17,"Itoh, Hiromi",0,1,0,,,1,5.2,0.0,6.35,1.765,6.353,4.0,15.882,3.176,14.294,0.0,,26,10,4,4,2,9,0,0,0,0,0,0,0,0,1,0,51355153
2024,Regular Season,日ハム,17,"Itoh, Hiromi",14,5,0,0.0,0.0,26,176.1,0.737,2.65,1.072,3.062,2.308,7.656,0.715,8.217,1.991,4.128,710,150,60,52,14,161,39,0,3,1,0,5,4,3,26,0,51355153
2024,Japan Series,ソフトバンク,27,"Iwai, Shunsuke",0,0,0,,,3,2.0,0.0,9.0,3.0,9.0,0.667,18.0,0.0,4.5,9.0,0.5,12,4,2,2,0,1,2,0,1,0,0,0,0,0,0,0,51355159
2024,Regular Season,ソフトバンク,27,"Iwai, Shunsuke",1,1,1,2.0,3.0,15,13.0,0.5,3.46,0.923,4.154,0.4,6.923,1.385,6.923,1.385,5.0,53,10,6,5,2,10,2,0,1,0,0,0,0,0,0,6,51355159
2024,Regular Season,千葉ロッテ,37,"Ono, Fumiya",0,0,0,0.0,0.0,3,3.0,0.0,3.0,1.667,3.0,0.333,12.0,0.0,3.0,3.0,1.0,13,4,1,1,0,1,1,0,0,1,0,0,0,0,0,1,51555130
2024,Regular Season,ヤクルトスワローズ,48,"Kanakubo, Yuto",0,1,0,0.0,0.0,5,7.2,0.0,3.52,1.174,3.522,0.6,5.87,1.174,9.391,4.696,2.0,33,5,3,3,1,8,4,0,1,0,0,0,0,0,0,3,51555136
2024,Regular Season,日ハム,60,"Kagiya, Yohei",0,0,0,0.0,0.0,1,0.2,0.0,0.0,0.0,0.0,0.0,0.0,0.0,0.0,0.0,,2,0,0,0,0,0,0,0,0,0,0,0,0,0,1,0,51555137
2024,Regular Season,西武ライオンズ,34,"Kaino, Hiroshi",0,2,0,11.0,11.0,19,18.1,0.0,2.95,1.364,3.436,0.368,7.364,0.982,7.364,4.909,1.5,81,15,7,6,2,15,10,2,1,0,0,0,0,0,0,2,51555138
2024,Regular Season,楽天イーグルス,69,"Uchi, Seiryu",6,8,0,0.0,0.0,20,110.2,0.429,3.58,1.274,3.985,2.45,9.19,0.651,3.66,2.277,1.607,464,113,49,44,8,45,28,1,3,2,0,0,0,0,20,0,51555153
2024,Climax Series - First Stage,日ハム,24,"Kanemura, Shoma",0,0,0,,,1,6.2,0.0,2.7,0.6,2.7,2.0,5.4,2.7,4.05,0.0,,24,4,2,2,2,3,0,0,0,0,0,0,0,0,1,0,51555157
2024,Regular Season,日ハム,24,"Kanemura, Shoma",7,6,0,6.0,8.0,29,136.0,0.538,2.38,1.029,2.515,1.31,7.676,0.728,6.485,1.588,4.083,537,116,38,36,11,98,24,0,3,1,0,0,0,0,17,1,51555157
2024,Regular Season,ソフトバンク,48,"Fujii, Kouya",2,1,1,19.0,21.0,40,40.0,0.667,1.8,1.2,2.475,0.275,6.3,0.45,10.125,4.5,2.25,170,28,11,8,2,45,20,1,1,3,0,0,0,0,0,5,51655130
2024,Climax Series - Final Stage,横浜DeNA,26,"Hamaguchi, Haruhiro",0,0,0,,,1,4.0,0.0,0.0,0.75,0.0,0.0,2.25,0.0,11.25,4.5,2.5,15,1,0,0,0,5,2,0,0,0,0,0,0,0,1,0,51655134
2024,Japan Series,横浜DeNA,26,"Hamaguchi, Haruhiro",0,0,0,,,2,3.0,0.0,3.0,0.667,3.0,0.5,6.0,0.0,6.0,0.0,,11,2,1,1,0,2,0,0,0,0,0,0,0,0,0,0,51655134
2024,Regular Season,横浜DeNA,26,"Hamaguchi, Haruhiro",2,4,0,0.0,0.0,11,52.2,0.333,3.25,1.443,4.443,2.364,8.032,0.513,7.69,4.956,1.552,229,47,26,19,3,45,29,0,1,0,0,1,0,0,11,0,51655134
2024,Regular Season,西武ライオンズ,43,"Hada, Shinnosuke",1,3,0,2.0,3.0,9,16.1,0.25,2.76,1.469,4.408,0.889,7.714,0.0,6.061,5.51,1.1,73,14,8,5,0,11,10,0,2,1,0,0,0,0,3,3,51655155
2024,Regular Season,広島カープ,39,"Hasebe, Ginji",0,0,0,1.0,1.0,5,7.0,0.0,0.0,0.857,0.0,0.0,1.286,0.0,5.143,6.429,0.8,25,1,0,0,0,4,5,0,0,0,0,0,0,0,0,3,51655157
2024,Regular Season,中日ドラゴンズ,48,"Habu, Shohta",0,0,0,0.0,0.0,7,12.0,0.0,6.0,1.583,7.5,1.429,9.75,0.0,6.75,4.5,1.5,55,13,10,8,0,9,6,0,0,0,0,0,0,0,0,2,51655159
2024,Regular Season,日ハム,32,"Kuroki, Yuta",0,0,0,0.0,0.0,2,2.0,0.0,4.5,1.5,4.5,0.5,4.5,0.0,4.5,9.0,0.5,9,1,1,1,0,1,2,0,0,0,0,0,0,0,0,1,51755134
2024,Climax Series - First Stage,日ハム,57,"Kitayama, Koki",0,0,0,,,1,4.2,0.0,3.86,1.5,3.857,2.0,9.643,0.0,7.714,3.857,2.0,21,5,2,2,0,4,2,0,0,0,0,0,0,0,1,0,51755155
2024,Regular Season,日ハム,57,"Kitayama, Koki",5,1,0,1.0,1.0,14,81.2,0.833,2.31,0.98,2.424,1.571,5.731,0.551,9.588,3.086,3.107,320,52,22,21,5,87,28,0,5,1,0,1,1,0,13,0,51755155
2024,Regular Season,日ハム,34,"Hori, Mizuki",0,0,0,0.0,0.0,10,8.1,0.0,8.64,1.92,9.72,0.9,12.96,2.16,15.12,4.32,3.5,42,12,9,8,2,14,4,0,1,0,0,0,0,0,0,0,51855134
2024,Regular Season,横浜DeNA,65,"Miyagi, Daita",0,0,0,0.0,0.0,1,2.0,0.0,13.5,3.0,13.5,3.0,13.5,0.0,18.0,13.5,1.333,12,3,3,3,0,4,3,0,0,0,0,0,0,0,0,0,51855138
2024,Regular Season,ヤクルトスワローズ,61,"Miyagawa, Tetsu",0,0,0,0.0,0.0,4,4.0,0.0,6.75,2.5,6.75,0.75,20.25,0.0,9.0,2.25,4.0,21,9,3,3,0,4,1,0,0,0,0,0,0,0,0,3,51855151
2024,Regular Season,ヤクルトスワローズ,17,"Shimizu, Noboru",0,3,2,2.0,2.0,17,17.1,0.0,7.27,1.615,7.269,0.824,12.462,0.519,4.154,2.077,2.0,81,24,14,14,1,8,4,1,0,0,0,0,0,0,0,8,51955138
2024,Regular Season,西武ライオンズ,0,"Yan, Jefry",0,0,0,2.0,2.0,37,30.2,0.0,5.58,1.663,6.163,0.568,9.391,0.88,10.272,5.576,1.842,142,32,21,19,3,35,19,0,2,5,0,0,0,0,0,8,53055159
2024,Regular Season,西武ライオンズ,12,"Watanabe, Yutaro",3,4,0,0.0,0.0,14,87.2,0.429,2.67,1.232,2.669,1.857,8.316,0.513,5.133,2.772,1.852,366,81,26,26,5,50,27,0,5,1,0,0,0,0,14,0,53155138
2024,Regular Season,広島カープ,18,"Morishita, Masato",10,10,0,0.0,0.0,23,151.2,0.5,2.55,1.095,2.73,2.0,8.13,0.356,5.815,1.721,3.379,612,137,46,43,6,98,29,3,7,2,0,2,1,1,23,0,53155151
2024,Regular Season,阪神タイガース,30,"Mombetsu, Keito",0,2,0,0.0,0.0,5,12.0,0.0,4.5,1.583,6.0,1.6,11.25,0.75,6.0,3.0,2.0,54,15,8,6,1,8,4,0,0,2,0,0,0,0,2,3,53355157
2024,Regular Season,ヤクルトスワローズ,21,"Yoshimura, Kojiro",9,8,0,0.0,0.0,23,138.1,0.529,3.19,1.323,3.578,2.391,9.369,0.52,7.417,2.537,2.923,584,144,55,49,8,114,39,3,2,0,0,1,1,1,23,0,53555157
2024,Climax Series - Final Stage,ソフトバンク,2,"Stewart, Jr., Carter",1,0,0,,,1,5.0,1.0,3.6,1.0,3.6,2.0,7.2,1.8,5.4,1.8,3.0,21,4,2,2,1,3,1,0,0,0,0,0,0,0,1,0,53755138
2024,Japan Series,ソフトバンク,2,"Stewart, Jr., Carter",0,0,0,,,2,4.1,0.0,12.46,2.538,12.462,3.0,12.462,0.0,8.308,10.385,0.8,24,6,6,6,0,4,5,0,0,0,0,0,0,0,1,0,53755138
2024,Regular Season,ソフトバンク,2,"Stewart, Jr., Carter",9,4,0,0.0,0.0,20,120.0,0.692,1.95,1.083,2.175,1.45,5.925,0.45,7.875,3.825,2.059,485,79,29,26,6,105,51,0,5,2,0,0,0,0,20,0,53755138
2024,Regular Season,広島カープ,98,"Corniel, Robert",0,0,0,0.0,0.0,16,17.0,0.0,2.65,1.294,3.706,0.438,7.941,0.529,7.412,3.706,2.0,71,15,7,5,1,14,7,0,0,0,0,0,0,0,0,5,53955151
2024,Regular Season,日ハム,93,"Tanaka, Eito",0,0,0,0.0,0.0,3,4.0,0.0,11.25,2.5,11.25,1.667,13.5,4.5,4.5,9.0,0.5,22,6,5,5,2,2,4,0,0,1,0,0,0,0,0,0,61065136
2024,Regular Season,オリックス,28,"Tomiyama, Ryoga",0,0,0,3.0,3.0,16,11.0,0.0,3.27,1.364,4.909,0.375,8.182,0.0,6.545,4.091,1.6,52,10,6,4,0,8,5,1,3,1,0,0,0,0,0,4,61065138
2024,Regular Season,日ハム,47,"Suzuki, Kenya",1,2,0,1.0,1.0,8,23.0,0.333,2.74,1.043,2.739,0.875,6.652,1.174,2.348,2.739,0.857,90,17,7,7,3,6,7,0,1,0,0,0,0,0,3,0,61065151
2024,Regular Season,オリックス,96,"Takashima, Taito",2,2,0,4.0,4.0,21,56.0,0.5,4.02,1.25,4.339,1.286,8.036,0.482,4.821,3.214,1.5,238,50,27,25,3,30,20,0,4,1,0,0,0,0,9,3,61065159
2024,Japan Series,ソフトバンク,29,"Ishikawa, Shuta",0,1,0,,,1,5.2,0.0,1.59,0.706,1.588,1.0,6.353,1.588,6.353,0.0,,21,4,1,1,1,4,0,0,0,0,0,0,0,0,1,0,61165139
2024,Regular Season,ソフトバンク,29,"Ishikawa, Shuta",7,2,0,0.0,0.0,15,63.1,0.778,2.56,0.995,2.558,1.2,7.247,0.568,7.389,1.705,4.333,247,51,18,18,4,52,12,0,5,2,0,0,0,0,10,2,61165139
2024,Regular Season,横浜DeNA,46,"Ishikawa, Tatsuya",0,0,0,2.0,2.0,15,14.0,0.0,1.93,1.286,1.929,0.2,9.643,0.643,5.143,1.929,2.667,58,15,3,3,1,8,3,0,1,0,0,0,0,0,0,7,61165153
2024,Regular Season,楽天イーグルス,41,"Itoh, Mao",0,0,0,1.0,1.0,6,5.2,0.0,7.94,1.941,7.941,0.833,11.118,0.0,9.529,6.353,1.5,29,7,5,5,0,6,4,0,2,0,0,0,0,0,0,4,61165157
2024,Regular Season,千葉ロッテ,91,"Niho, Akira",0,0,0,0.0,0.0,8,10.1,0.0,12.19,2.419,15.677,2.25,17.419,0.871,3.484,4.355,0.8,55,20,18,14,1,4,5,0,1,0,0,0,0,0,0,6,61265118
2024,Regular Season,ソフトバンク,14,"Matayoshi, Katsuki",1,1,0,6.0,7.0,40,40.2,0.5,3.54,1.156,3.762,0.425,8.189,0.443,5.311,2.213,2.4,168,37,17,16,2,24,10,2,3,0,0,0,0,0,0,11,61265139
2024,Regular Season,中日ドラゴンズ,19,"Takahashi, Hiroto",12,4,0,0.0,0.0,21,143.2,0.75,1.38,0.981,1.691,1.286,6.703,0.063,8.144,2.13,3.824,569,107,27,22,1,130,34,2,4,5,0,1,1,0,21,0,61265153
2024,Regular Season,ヤクルトスワローズ,52,"Onaka, Yuya",0,0,0,0.0,0.0,1,2.0,0.0,18.0,2.5,18.0,4.0,13.5,4.5,0.0,9.0,0.0,10,3,4,4,1,0,2,0,0,0,0,0,0,0,0,0,61365134
2024,Climax Series - Final Stage,ソフトバンク,39,"Ogata, Shuto",0,0,0,,,1,1.0,0.0,0.0,0.0,0.0,0.0,0.0,0.0,9.0,0.0,,3,0,0,0,0,1,0,0,0,0,0,0,0,0,0,0,61365136
2024,Japan Series,ソフトバンク,39,"Ogata, Shuto",0,0,0,,,4,3.0,0.0,12.0,2.667,12.0,1.0,21.0,3.0,15.0,3.0,5.0,17,7,4,4,1,5,1,0,0,0,0,0,0,0,0,0,61365136
2024,Regular Season,ソフトバンク,39,"Ogata, Shuto",2,0,0,3.0,5.0,12,11.2,1.0,2.31,0.943,3.086,0.333,6.171,0.0,11.571,2.314,5.0,46,8,4,3,0,15,3,0,0,0,1,0,0,0,0,6,61365136
2024,Regular Season,広島カープ,14,"Ohsera, Daichi",6,6,0,0.0,0.0,25,155.0,0.5,1.86,1.077,2.148,1.48,6.852,0.29,5.69,2.845,2.0,627,118,37,32,5,98,49,3,3,0,0,2,1,0,25,0,61365139
2024,Regular Season,オリックス,57,"Yamada, Nobuyoshi",3,2,0,16.0,19.0,50,43.1,0.6,2.08,1.062,2.7,0.26,6.231,0.208,9.138,3.323,2.75,177,30,13,10,1,44,16,2,2,0,0,0,0,0,0,8,61465131
2024,Regular Season,西武ライオンズ,40,"Hamaya, Shota",0,0,0,0.0,0.0,1,2.1,0.0,11.57,2.571,15.429,4.0,11.571,0.0,3.857,11.571,0.333,15,3,4,3,0,1,3,0,1,0,0,0,0,0,0,1,61465151
2024,Regular Season,楽天イーグルス,49,"Nishigaki, Masaya",1,2,1,0.0,1.0,18,18.0,0.333,7.5,2.222,9.0,1.0,14.0,1.0,6.5,6.0,1.083,96,28,18,15,2,13,12,0,0,3,0,0,0,0,0,10,61465155
2024,Regular Season,ソフトバンク,66,"Matsumoto, Yuki",2,2,14,23.0,25.0,50,46.2,0.5,2.89,1.157,3.279,0.34,7.136,0.579,9.064,3.279,2.765,198,37,17,15,3,47,17,3,4,0,0,0,0,0,0,18,61665130
2024,Regular Season,楽天イーグルス,46,"Fujihira, Shoma",0,1,1,20.0,20.0,47,46.1,0.0,1.75,0.885,2.137,0.234,5.633,0.777,11.266,2.331,4.833,182,29,11,9,4,58,12,2,3,3,0,0,0,0,0,5,61665134
2024,Regular Season,オリックス,46,"Honda, Hitomi",2,0,0,9.0,11.0,23,22.0,1.0,2.86,1.182,2.864,0.304,8.591,0.409,8.591,2.045,4.2,92,21,7,7,1,21,5,0,1,1,1,0,0,0,0,7,61665136
2024,Regular Season,楽天イーグルス,28,"Sakai, Tomohito",2,2,0,26.0,28.0,49,46.1,0.5,2.33,1.079,2.525,0.265,6.799,0.0,5.633,2.914,1.933,185,35,13,12,0,29,15,2,2,0,0,0,0,0,0,7,61765134
2024,Climax Series - Final Stage,日ハム,22,"Sugiura, Toshihiro",0,0,0,,,1,1.1,0.0,6.75,0.75,6.75,1.0,6.75,6.75,6.75,0.0,,5,1,1,1,1,1,0,0,0,0,0,0,0,0,0,0,61765139
2024,Regular Season,日ハム,22,"Sugiura, Toshihiro",2,0,3,15.0,17.0,40,34.2,1.0,1.56,1.038,2.077,0.2,6.231,0.26,5.971,3.115,1.917,137,24,8,6,1,23,12,0,1,4,0,0,0,0,0,9,61765139
2024,Regular Season,日ハム,46,"Kuroyanagi, Kyosuke",0,0,0,0.0,0.0,5,6.0,0.0,4.5,1.333,4.5,0.6,4.5,1.5,1.5,7.5,0.2,25,3,3,3,1,1,5,0,0,0,0,0,0,0,0,1,61765155
2024,Regular Season,楽天イーグルス,38,"Yuge, Hayato",2,0,0,1.0,3.0,34,33.1,1.0,5.94,1.53,5.94,0.647,11.34,0.27,7.56,2.43,3.111,150,42,22,22,1,28,9,1,1,0,0,0,0,0,0,7,61865138
2024,Regular Season,中日ドラゴンズ,90,"Matsuyama, Shinya",2,3,0,41.0,43.0,59,54.1,0.4,1.33,1.012,1.491,0.153,6.294,0.0,9.442,2.816,3.353,214,38,9,8,0,57,17,5,3,2,0,0,0,0,0,11,61865157
2024,Regular Season,日ハム,29,"Hosono, Haruki",0,0,0,0.0,0.0,2,9.1,0.0,3.86,1.286,3.857,2.0,7.714,0.964,8.679,3.857,2.25,39,8,4,4,1,9,4,0,0,1,0,0,0,0,2,0,61865159
2024,Regular Season,オリックス,66,"Suzuki, Hiroshi",1,1,0,9.0,10.0,32,39.1,0.5,2.97,1.373,3.203,0.438,9.153,0.915,7.322,3.203,2.286,166,40,14,13,4,32,14,2,2,0,0,0,0,0,1,4,61965136
2024,Regular Season,中日ドラゴンズ,17,"Yanagi, Yuya",4,5,0,0.0,0.0,13,67.0,0.444,3.76,1.418,3.896,2.231,10.075,0.672,4.567,2.687,1.7,286,75,29,28,5,34,20,1,0,3,0,0,0,0,13,0,63165134
2024,Regular Season,西武ライオンズ,15,"Yoza, Kaito",1,4,0,0.0,1.0,7,24.1,0.2,4.81,1.356,4.808,1.857,8.137,1.479,4.808,4.068,1.182,106,22,13,13,4,13,11,0,0,0,0,0,0,0,4,1,63165136
2024,Regular Season,西武ライオンズ,69,"Mizukami, Yoshinobu",1,1,0,6.0,7.0,29,29.0,0.5,5.28,1.655,5.586,0.621,10.552,0.31,4.034,4.345,0.929,131,34,18,17,1,13,14,0,1,0,0,0,0,0,0,7,63165153
2024,Regular Season,千葉ロッテ,41,"Keuchel, Dallas",2,4,0,0.0,0.0,8,40.0,0.333,3.6,1.3,4.05,2.25,8.325,0.675,6.525,3.375,1.933,170,37,18,16,3,29,15,0,2,0,0,0,0,0,8,0,63265159
2024,Regular Season,ヤクルトスワローズ,26,"Yamano, Taichi",3,4,0,0.0,0.0,14,50.1,0.429,6.08,1.411,6.795,2.714,10.55,1.43,5.722,2.146,2.667,217,59,38,34,8,32,12,3,2,0,0,0,0,0,10,2,63365153
2024,Climax Series - Final Stage,日ハム,95,"Yanagawa, Taisei",0,0,0,,,2,1.1,0.0,6.75,3.0,6.75,0.5,13.5,0.0,6.75,13.5,0.5,8,2,1,1,0,1,2,0,0,0,0,0,0,0,0,1,63365155
2024,Regular Season,日ハム,95,"Yanagawa, Taisei",1,3,8,1.0,2.0,21,22.0,0.25,4.09,1.182,4.5,0.524,4.5,0.0,8.182,6.136,1.333,93,11,11,10,0,20,15,0,0,2,1,0,0,0,1,10,63365155
2024,Climax Series - Final Stage,ソフトバンク,35,"Moinelo, Livan",1,0,0,,,1,6.0,1.0,3.0,1.5,3.0,2.0,12.0,0.0,6.0,1.5,4.0,27,8,2,2,0,4,1,0,0,0,0,0,0,0,1,0,63965134
2024,Japan Series,ソフトバンク,35,"Moinelo, Livan",1,0,0,,,1,6.2,1.0,4.05,1.35,4.05,3.0,10.8,0.0,8.1,1.35,6.0,29,8,3,3,0,6,1,0,1,0,0,0,0,0,1,0,63965134
2024,Regular Season,ソフトバンク,35,"Moinelo, Livan",11,5,0,0.0,0.0,25,163.0,0.688,1.88,0.945,2.153,1.56,5.908,0.607,8.558,2.595,3.298,636,107,39,34,11,155,47,1,5,3,0,2,0,0,25,0,63965134
2024,Regular Season,西武ライオンズ,13,"Takahashi, Kona",0,11,0,0.0,0.0,15,81.1,0.0,3.87,1.451,4.316,2.6,10.402,0.553,6.75,2.656,2.542,362,94,39,35,5,61,24,0,6,3,1,0,0,0,15,0,71075130
2024,Regular Season,西武ライオンズ,58,"Nakamura, Yuta",0,1,0,0.0,0.0,27,32.0,0.0,3.09,1.188,3.375,0.444,7.313,0.563,4.781,3.375,1.417,134,26,12,11,2,17,12,3,2,2,0,0,0,0,0,9,71075139
2024,Regular Season,西武ライオンズ,71,"Sugai, Shinya",1,2,0,1.0,1.0,8,24.0,0.333,5.25,1.5,5.25,1.75,9.75,1.5,8.25,3.75,2.2,108,26,14,14,4,22,10,0,0,0,0,0,0,0,5,0,71075155
2024,Regular Season,阪神タイガース,17,"Aoyagi, Koyo",2,3,0,0.0,0.0,12,61.0,0.4,3.69,1.426,4.574,2.583,9.738,0.295,5.164,3.098,1.667,269,66,31,25,2,35,21,1,6,1,1,0,0,0,12,0,71175132
2024,Regular Season,オリックス,12,"Azuma, Kohei",3,4,0,0.0,0.0,10,58.2,0.429,2.61,1.057,2.761,1.8,7.21,0.46,5.83,2.301,2.533,242,47,18,17,3,38,15,0,6,1,0,0,0,0,10,0,71175136
2024,Regular Season,阪神タイガース,16,"Nishi, Yuki",6,7,0,0.0,0.0,21,124.2,0.462,2.24,1.091,2.816,1.857,8.158,0.361,5.126,1.66,3.087,511,113,39,31,5,71,23,2,5,0,0,1,1,1,21,0,71275118
2024,Climax Series - First Stage,千葉ロッテ,16,"Taneichi, Atsuki",0,1,0,,,1,7.0,0.0,3.86,1.143,5.143,4.0,6.429,0.0,7.714,3.857,2.0,28,5,4,3,0,6,3,0,0,0,0,0,0,0,1,0,71275134
2024,Regular Season,千葉ロッテ,16,"Taneichi, Atsuki",7,8,0,0.0,0.0,23,147.1,0.467,3.05,1.127,3.36,2.391,7.819,0.305,9.041,2.321,3.895,612,128,55,50,5,148,38,0,9,4,1,2,0,1,23,0,71275134
2024,Regular Season,西武ライオンズ,14,"Masuda, Tatsushi",0,2,0,3.0,3.0,13,11.0,0.0,4.09,1.545,4.091,0.385,12.273,0.818,4.091,1.636,2.5,48,15,5,5,1,5,2,1,0,0,0,0,0,0,0,4,71275137
2024,Climax Series - First Stage,千葉ロッテ,47,"Suzuki, Shota",0,0,0,,,2,1.1,0.0,0.0,0.75,0.0,0.0,6.75,0.0,13.5,0.0,,5,1,0,0,0,2,0,0,0,0,0,0,0,0,0,0,71275153
2024,Regular Season,千葉ロッテ,47,"Suzuki, Shota",2,2,5,27.0,29.0,51,49.1,0.5,0.73,1.014,1.277,0.137,5.838,0.365,7.662,3.284,2.333,194,32,7,4,2,42,18,2,1,1,0,0,0,0,0,13,71275153
2024,Regular Season,読売巨人,64,"Ohe, Ryusei",0,0,0,5.0,5.0,16,13.2,0.0,2.63,1.244,2.634,0.25,5.927,0.659,8.561,5.268,1.625,56,9,4,4,1,13,8,0,0,0,0,0,0,0,0,2,71375134
2024,Regular Season,広島カープ,66,"Endoh, Atsushi",0,0,0,0.0,0.0,3,4.0,0.0,4.5,2.0,4.5,0.667,11.25,0.0,0.0,6.75,0.0,17,5,2,2,0,0,3,0,0,0,0,0,0,0,0,3,71375136
2024,Regular Season,阪神タイガース,27,"Itoh, Masashi",4,5,0,0.0,0.0,18,74.0,0.444,4.62,1.432,5.595,2.556,10.946,0.608,4.014,1.946,2.063,323,90,46,38,5,33,16,0,2,1,0,1,0,1,13,1,71375153
2024,Regular Season,中日ドラゴンズ,11,"Ogasawara, Shinnosuke",5,11,0,0.0,0.0,24,144.1,0.313,3.12,1.199,3.679,2.458,9.416,0.561,5.113,1.372,3.727,602,151,59,50,9,82,22,2,4,2,0,0,0,0,24,0,71575132
2024,Regular Season,広島カープ,41,"Yasaki, Takuya",1,1,0,10.0,11.0,26,25.0,0.5,3.6,1.4,3.6,0.385,7.92,0.72,6.12,4.68,1.308,108,22,10,10,2,17,13,0,1,0,0,0,0,0,0,7,71575134
2024,Regular Season,広島カープ,46,"Kawano, Kei",0,0,1,0.0,0.0,13,16.2,0.0,2.16,1.44,2.16,0.308,10.8,0.54,9.18,2.16,4.25,72,20,4,4,1,17,4,0,1,0,0,0,0,0,0,6,71575157
2024,Regular Season,阪神タイガース,36,"Hamachi, Masumi",0,0,0,0.0,0.0,18,21.1,0.0,2.11,0.891,2.531,0.333,7.172,0.844,3.797,0.844,4.5,83,17,6,5,2,9,2,1,0,1,0,0,0,0,0,8,71675134
2024,Climax Series - First Stage,千葉ロッテ,52,"Masuda, Naoya",0,0,1,,,2,1.2,0.0,5.4,0.6,5.4,0.5,5.4,5.4,16.2,0.0,,6,1,1,1,1,3,0,0,0,0,0,0,0,0,0,1,71675135
2024,Regular Season,千葉ロッテ,52,"Masuda, Naoya",1,4,25,6.0,7.0,44,41.2,0.2,2.59,0.984,3.456,0.364,5.832,0.432,7.56,3.024,2.5,172,27,16,12,2,35,14,1,3,2,0,0,0,0,0,34,71675135
2024,Regular Season,広島カープ,29,"Kemna, Makoto",0,0,0,0.0,0.0,5,5.0,0.0,1.8,2.2,1.8,0.2,10.8,0.0,9.0,9.0,1.0,25,6,1,1,0,5,5,0,0,0,0,0,0,0,0,2,71775136
2024,Regular Season,広島カープ,11,"Kuri, Aren",7,10,0,0.0,0.0,23,131.2,0.412,3.21,1.094,3.349,2.13,7.861,0.82,6.494,1.982,3.276,529,115,49,47,12,95,29,2,4,1,0,1,1,0,22,0,71775139
2024,Regular Season,楽天イーグルス,22,"Komago, Ryuji",0,0,0,0.0,0.0,2,1.0,0.0,0.0,1.0,0.0,0.0,9.0,0.0,0.0,0.0,,4,1,0,0,0,0,0,0,1,0,0,0,0,0,0,1,71775157
2024,Climax Series - Final Stage,横浜DeNA,92,"Horioka, Hayato",0,0,0,,,2,2.0,0.0,0.0,1.0,0.0,0.0,4.5,0.0,4.5,4.5,1.0,7,1,0,0,0,1,1,0,0,0,0,0,0,0,0,0,71875134
2024,Climax Series - First Stage,横浜DeNA,92,"Horioka, Hayato",0,0,0,,,1,1.0,0.0,0.0,0.0,0.0,0.0,0.0,0.0,9.0,0.0,,3,0,0,0,0,1,0,0,0,0,0,0,0,0,0,0,71875134
2024,Japan Series,横浜DeNA,92,"Horioka, Hayato",0,0,0,,,1,1.0,0.0,18.0,4.0,27.0,3.0,36.0,0.0,9.0,0.0,,7,4,3,2,0,1,0,0,0,0,0,0,0,0,0,1,71875134
2024,Regular Season,横浜DeNA,92,"Horioka, Hayato",0,0,0,1.0,1.0,6,6.0,0.0,0.0,1.0,0.0,0.0,7.5,0.0,9.0,1.5,6.0,24,5,0,0,0,6,1,1,0,0,0,0,0,0,0,3,71875134
2024,Regular Season,オリックス,13,"Miyagi, Hiroya",7,9,0,0.0,0.0,20,141.2,0.438,1.91,0.967,1.969,1.55,7.306,0.445,8.831,1.398,6.318,560,115,31,30,7,139,22,0,3,2,0,3,0,2,20,0,71875151
2024,Regular Season,楽天イーグルス,47,"Fujii, Masaru",11,5,0,0.0,0.0,22,126.0,0.688,2.93,1.325,3.214,2.045,9.857,0.571,5.286,2.071,2.552,529,138,45,41,8,74,29,0,7,3,0,0,0,0,22,0,71875153
2024,Japan Series,ソフトバンク,51,"Maeda, Jun",0,0,0,,,2,3.0,0.0,9.0,1.0,9.0,1.5,9.0,3.0,12.0,0.0,,13,3,3,3,1,4,0,0,1,0,0,0,0,0,0,0,71875157
2024,Regular Season,ソフトバンク,51,"Maeda, Jun",1,0,0,0.0,0.0,1,6.0,1.0,0.0,0.5,0.0,0.0,4.5,0.0,7.5,0.0,,20,3,0,0,0,5,0,0,0,0,0,0,0,0,1,0,71875157
2024,Climax Series - Final Stage,横浜DeNA,41,"Sasaki, Chihaya",1,0,0,,,1,1.0,1.0,0.0,1.0,0.0,0.0,0.0,0.0,0.0,9.0,0.0,4,0,0,0,0,0,1,0,0,0,0,0,0,0,0,0,71975134
2024,Climax Series - First Stage,横浜DeNA,41,"Sasaki, Chihaya",0,0,0,,,1,1.0,0.0,0.0,0.0,0.0,0.0,0.0,0.0,0.0,0.0,,3,0,0,0,0,0,0,0,0,0,0,0,0,0,0,0,71975134
2024,Japan Series,横浜DeNA,41,"Sasaki, Chihaya",0,0,0,,,2,1.2,0.0,0.0,0.6,0.0,0.0,5.4,0.0,0.0,0.0,,5,1,0,0,0,0,0,0,0,0,0,0,0,0,0,0,71975134
2024,Regular Season,横浜DeNA,41,"Sasaki, Chihaya",0,1,1,6.0,6.0,28,37.0,0.0,1.95,1.27,2.189,0.321,7.297,0.73,6.811,4.135,1.647,158,30,9,8,3,28,17,2,2,0,0,0,0,0,0,10,71975134
2024,Regular Season,中日ドラゴンズ,69,"Matsukihira, Yuta",2,4,0,0.0,0.0,8,48.2,0.333,3.7,1.274,3.699,2.5,8.507,0.925,7.397,2.959,2.5,206,46,20,20,5,40,16,1,4,1,1,0,0,0,8,0,73175153
2024,Regular Season,広島カープ,45,"Matsumoto, Ryuya",0,1,0,0.0,0.0,12,12.2,0.0,2.84,1.105,2.842,0.333,6.395,0.711,7.105,3.553,2.0,50,9,4,4,1,10,5,2,0,0,0,0,0,0,0,5,73175155
2024,Regular Season,楽天イーグルス,61,"Matsuda, Takuma",0,0,0,0.0,0.0,7,15.0,0.0,3.6,1.533,3.6,0.857,8.4,1.2,4.8,5.4,0.889,64,14,6,6,2,8,9,0,0,0,0,0,0,0,1,2,73175159
2024,Regular Season,広島カープ,13,"Moriura, Daisuke",2,0,0,17.0,19.0,53,46.2,1.0,2.51,1.436,2.507,0.245,7.714,0.193,8.293,5.207,1.593,203,40,13,13,1,43,27,6,1,0,0,0,0,0,0,8,73375153
2024,Regular Season,日ハム,12,"Yazawa, Kota",1,2,0,3.0,4.0,17,13.1,0.333,4.05,1.8,4.725,0.412,7.425,0.0,8.1,8.775,0.923,62,11,7,6,0,12,13,1,0,1,0,0,0,0,0,2,73375157
2024,Regular Season,ソフトバンク,34,"Murata, Kenichi",0,0,0,0.0,0.0,1,1.0,0.0,18.0,2.0,18.0,2.0,18.0,9.0,0.0,0.0,,5,2,2,2,1,0,0,0,0,0,0,0,0,0,0,1,73375159
2024,Regular Season,楽天イーグルス,43,"Sung, Chia-Hao",1,2,0,17.0,18.0,41,39.2,0.333,3.18,1.21,3.403,0.366,9.303,0.681,4.992,1.588,3.143,164,41,15,14,3,22,7,3,2,1,0,0,0,0,0,6,73575132
2024,Regular Season,西武ライオンズ,54,"Abreu, Albert",2,5,28,11.0,13.0,52,49.0,0.286,2.39,1.184,3.122,0.327,6.98,0.184,6.061,3.673,1.65,202,38,17,13,1,33,20,3,3,0,0,0,0,0,0,39,73575159
2024,Regular Season,オリックス,54,"Castillo, Luis",3,5,0,0.0,0.0,15,94.1,0.375,2.96,0.986,3.53,2.467,7.155,0.477,7.06,1.717,4.111,378,75,37,31,5,74,18,0,2,1,0,0,0,0,15,0,73775157
2024,Regular Season,千葉ロッテ,69,"Cordero, Jimmy",0,1,0,2.0,2.0,5,5.0,0.0,7.2,2.0,7.2,0.8,14.4,1.8,1.8,3.6,0.5,23,8,4,4,1,1,2,0,0,1,0,0,0,0,0,0,73775159
2024,Climax Series - Final Stage,読売巨人,33,"Keller, Kyle",1,0,0,,,4,3.2,1.0,0.0,0.818,0.0,0.0,2.455,0.0,9.818,4.909,2.0,13,1,0,0,0,4,2,0,0,0,0,0,0,0,0,1,73975155
2024,Regular Season,読売巨人,33,"Keller, Kyle",2,2,1,20.0,22.0,52,47.0,0.5,1.53,0.915,1.915,0.192,4.596,0.957,10.34,3.638,2.842,183,24,10,8,5,54,19,1,0,0,0,0,0,0,0,13,73975155
2024,Regular Season,広島カープ,68,"Hearn, Taylor",0,1,2,17.0,17.0,35,35.0,0.0,1.29,0.714,1.286,0.143,4.629,0.257,6.686,1.8,3.714,129,18,5,5,1,26,7,0,0,0,0,0,0,0,0,10,73975159
2024,Regular Season,オリックス,35,"Higa, Motoki",0,0,0,0.0,0.0,5,3.2,0.0,0.0,1.091,0.0,0.0,2.455,0.0,7.364,7.364,1.0,14,1,0,0,0,3,3,1,0,0,0,0,0,0,0,3,81085131
2024,Regular Season,阪神タイガース,98,"Satoh, Ren",0,0,0,0.0,0.0,1,1.0,0.0,0.0,0.0,0.0,0.0,0.0,0.0,9.0,0.0,,3,0,0,0,0,1,0,0,0,0,0,0,0,0,0,0,81085153
2024,Climax Series - Final Stage,読売巨人,15,"Ota, Taisei",0,0,2,,,3,3.0,0.0,0.0,1.333,0.0,0.0,6.0,0.0,21.0,6.0,3.5,15,2,0,0,0,7,2,0,2,0,0,0,0,0,0,3,81085155
2024,Regular Season,読売巨人,15,"Ota, Taisei",1,2,29,5.0,6.0,43,41.0,0.333,0.88,0.878,0.878,0.093,6.146,0.0,11.854,1.756,6.75,161,28,4,4,0,54,8,2,0,1,0,0,0,0,0,36,81085155
2024,Regular Season,中日ドラゴンズ,18,"Umetsu, Kodai",2,8,0,0.0,0.0,14,77.1,0.2,4.07,1.384,4.073,2.5,8.845,0.349,8.379,3.608,2.323,327,76,35,35,3,72,31,0,2,3,0,0,0,0,14,0,81185138
2024,Regular Season,オリックス,16,"Hirano, Yoshihisa",1,1,7,1.0,2.0,12,10.2,0.5,4.22,2.25,8.438,0.833,16.031,0.844,9.281,4.219,2.2,58,19,10,5,1,11,5,0,0,0,0,0,0,0,0,8,81285112
2024,Regular Season,読売巨人,41,"Nakagawa, Kota",0,2,0,7.0,7.0,15,12.1,0.0,8.76,1.784,8.757,0.8,13.865,2.189,5.108,2.189,2.333,60,19,12,12,3,7,3,0,0,0,0,0,0,0,0,1,81285132
2024,Regular Season,中日ドラゴンズ,7,"Neo, Akira",0,1,0,0.0,0.0,3,7.2,0.0,9.39,2.217,10.565,3.0,11.739,2.348,8.217,8.217,1.0,39,10,9,8,2,7,7,0,0,1,0,0,0,0,1,2,81285138
2024,Japan Series,ソフトバンク,11,"Tsumori, Yuki",0,0,0,,,2,2.2,0.0,10.13,1.125,10.125,1.5,3.375,0.0,10.125,6.75,1.5,12,1,3,3,0,3,2,0,1,0,0,0,0,0,0,1,81285151
2024,Regular Season,ソフトバンク,11,"Tsumori, Yuki",5,2,0,17.0,22.0,48,42.1,0.714,2.13,1.205,2.126,0.208,6.591,0.213,8.079,4.252,1.9,180,31,10,10,1,38,20,2,6,1,0,0,0,0,0,9,81285151
2024,Regular Season,横浜DeNA,15,"Tokuyama, Souma",1,1,0,8.0,9.0,29,29.1,0.5,2.45,1.432,3.068,0.345,8.284,0.307,3.682,4.602,0.8,125,27,10,8,1,12,15,0,0,2,0,0,0,0,0,6,81285155
2024,Regular Season,千葉ロッテ,31,"Ohtani, Hikaru",0,0,0,0.0,0.0,1,1.0,0.0,0.0,1.0,0.0,0.0,9.0,0.0,27.0,0.0,,4,1,0,0,0,3,0,0,0,0,0,0,0,0,0,0,81385159
2024,Climax Series - First Stage,横浜DeNA,27,"Kamichatani, Taiga",0,0,0,,,1,1.0,0.0,9.0,2.0,9.0,1.0,18.0,9.0,9.0,0.0,,5,2,1,1,1,1,0,0,0,0,0,0,0,0,0,1,81585138
2024,Regular Season,横浜DeNA,27,"Kamichatani, Taiga",2,2,0,1.0,3.0,18,22.2,0.5,4.37,1.897,5.559,0.778,12.706,1.191,6.353,4.368,1.455,110,32,14,11,3,16,11,2,1,0,0,0,0,0,0,3,81585138
2024,Regular Season,西武ライオンズ,17,"Matsumoto, Wataru",1,9,0,6.0,6.0,34,66.1,0.1,3.93,1.251,4.342,0.941,7.327,1.492,5.563,3.935,1.414,284,54,32,29,11,41,29,1,2,1,0,0,0,0,8,12,81685138
2024,Climax Series - Final Stage,日ハム,94,"Fukushima, Ren",0,0,0,,,1,2.1,0.0,3.86,1.286,3.857,1.0,3.857,3.857,7.714,7.714,1.0,10,1,1,1,1,2,2,0,0,0,0,0,0,0,0,1,81685155
2024,Regular Season,日ハム,94,"Fukushima, Ren",2,3,0,0.0,0.0,12,61.0,0.4,3.54,1.115,4.869,2.75,7.525,0.885,5.164,2.508,2.059,249,51,33,24,6,35,17,0,3,1,0,0,0,0,12,0,81685155
2024,Regular Season,ヤクルトスワローズ,58,"Sakaguchi, Kousuke",0,1,0,0.0,0.0,2,8.1,0.0,10.8,2.28,10.8,5.0,11.88,0.0,6.48,8.64,0.75,43,11,10,10,0,6,8,0,0,2,0,0,0,0,2,0,81785136
2024,Climax Series - First Stage,日ハム,28,"Kawano, Ryusei",1,0,0,,,3,1.2,1.0,0.0,1.2,0.0,0.0,10.8,0.0,10.8,0.0,,7,2,0,0,0,2,0,0,0,0,0,0,0,0,0,0,81785151
2024,Regular Season,日ハム,28,"Kawano, Ryusei",1,4,0,33.0,34.0,52,42.1,0.2,2.13,1.039,2.126,0.192,7.016,1.063,7.016,2.339,3.0,168,33,10,10,5,33,11,4,1,4,0,0,0,0,0,7,81785151
2024,Climax Series - Final Stage,読売巨人,62,"Yokogawa, Kai",0,0,0,,,1,1.0,0.0,0.0,1.0,0.0,0.0,0.0,0.0,18.0,9.0,2.0,4,0,0,0,0,2,1,0,0,0,0,0,0,0,0,1,81885138
2024,Regular Season,読売巨人,62,"Yokogawa, Kai",3,1,0,0.0,2.0,12,28.2,0.75,0.94,1.151,1.256,0.333,7.221,0.0,2.826,3.14,0.9,111,23,4,3,0,9,10,1,0,0,0,0,0,0,3,5,81885138
2024,Climax Series - First Stage,千葉ロッテ,11,"Sawamura, Hirokazu",0,1,0,,,1,0.2,0.0,13.5,4.5,13.5,1.0,27.0,0.0,27.0,13.5,2.0,5,2,1,1,0,2,1,0,0,0,0,0,0,0,0,1,81985133
2024,Regular Season,千葉ロッテ,11,"Sawamura, Hirokazu",1,2,1,15.0,16.0,39,35.0,0.333,3.34,1.229,3.343,0.333,6.171,0.771,6.686,4.886,1.368,146,24,13,13,3,26,19,1,2,3,0,0,0,0,0,8,81985133
2024,Regular Season,ヤクルトスワローズ,41,"Shibata, Daichi",0,0,0,0.0,0.0,1,2.0,0.0,4.5,1.5,4.5,1.0,4.5,0.0,9.0,9.0,1.0,8,1,1,1,0,2,2,0,0,0,0,0,0,0,0,1,81985155
2024,Regular Season,オリックス,17,"Sotani, Ryuhei",7,11,0,0.0,0.0,20,119.0,0.389,2.34,1.168,2.798,1.85,8.471,0.303,8.849,2.042,4.333,490,112,37,31,4,117,27,0,1,1,0,0,0,0,20,0,81985157
2024,Regular Season,楽天イーグルス,13,"Ponce, Cody",3,6,0,0.0,0.0,15,67.0,0.333,6.72,1.612,7.388,3.667,12.358,0.806,7.522,2.149,3.5,308,92,55,50,6,56,16,0,5,3,0,1,0,0,12,1,83085155
2024,Regular Season,オリックス,19,"Yamaoka, Taisuke",0,0,0,1.0,1.0,6,5.1,0.0,3.38,1.125,3.375,0.333,8.438,1.688,8.438,1.688,5.0,21,5,2,2,1,5,1,0,0,0,0,0,0,0,0,2,83185134
2024,Regular Season,中日ドラゴンズ,93,"Feliz, Michael",0,1,0,0.0,0.0,17,17.1,0.0,5.19,1.327,5.192,0.588,7.788,1.038,5.192,4.154,1.25,74,15,10,10,2,10,8,0,0,3,0,0,0,0,0,4,83285157
2024,Climax Series - Final Stage,読売巨人,53,"Takanashi, Yuhei",0,0,0,,,4,3.1,0.0,0.0,0.3,0.0,0.0,2.7,0.0,8.1,0.0,,9,1,0,0,0,3,0,0,0,0,0,0,0,0,0,0,91095134
2024,Regular Season,読売巨人,53,"Takanashi, Yuhei",4,3,0,25.0,29.0,51,35.1,0.571,2.04,1.16,2.292,0.176,6.623,0.255,7.387,3.821,1.933,145,26,9,8,1,29,15,2,0,1,0,0,0,0,0,5,91095134
2024,Climax Series - First Stage,阪神タイガース,29,"Takahashi, Haruto",0,1,0,,,1,5.0,0.0,7.2,1.4,7.2,4.0,10.8,0.0,7.2,1.8,4.0,23,6,4,4,0,4,1,0,1,0,0,0,0,0,1,0,91095136
2024,Regular Season,阪神タイガース,29,"Takahashi, Haruto",4,1,0,0.0,0.0,5,29.2,0.8,1.52,0.809,1.517,1.0,6.067,0.0,8.494,1.213,7.0,114,20,5,5,0,28,4,0,1,1,0,0,0,0,5,0,91095136
2024,Regular Season,読売巨人,48,"Tanaka, Chiharu",0,0,0,0.0,0.0,3,4.0,0.0,0.0,0.5,0.0,0.0,4.5,0.0,9.0,0.0,,14,2,0,0,0,4,0,0,0,0,0,0,0,0,0,1,91095157
2024,Regular Season,西武ライオンズ,47,"Sugiyama, Haruki",0,1,0,0.0,0.0,1,3.0,0.0,0.0,1.667,18.0,6.0,15.0,0.0,6.0,0.0,,17,5,6,0,0,2,0,0,1,1,0,0,0,0,1,0,91095159
2024,Regular Season,千葉ロッテ,46,"Iwashita, Daiki",2,0,0,3.0,5.0,21,21.2,1.0,2.91,1.015,2.908,0.333,5.4,0.831,5.4,3.738,1.444,85,13,7,7,2,13,9,0,0,2,0,0,0,0,1,3,91395130
2024,Regular Season,読売巨人,52,"Itoh, Yusuke",0,0,0,1.0,1.0,8,8.2,0.0,1.04,0.923,1.038,0.125,5.192,0.0,8.308,3.115,2.667,32,5,1,1,0,8,3,0,1,0,0,0,0,0,0,2,91395153
2024,Regular Season,西武ライオンズ,11,"Ueda, Taiga",0,0,0,1.0,1.0,17,23.1,0.0,2.7,1.286,2.7,0.412,6.557,0.771,4.243,5.014,0.846,99,17,7,7,2,11,13,0,0,1,0,0,0,0,1,9,91395159
2024,Regular Season,千葉ロッテ,40,"Nishimura, Takahiro",0,0,0,7.0,7.0,17,17.2,0.0,6.62,1.585,6.623,0.765,9.17,0.509,7.642,5.094,1.5,80,18,13,13,1,15,10,0,0,3,0,0,0,0,0,3,91495136
2024,Regular Season,阪神タイガース,15,"Nishi, Junya",0,1,0,0.0,0.0,4,6.2,0.0,2.7,1.2,2.7,0.5,6.75,0.0,0.0,4.05,0.0,28,5,2,2,0,0,3,1,0,0,0,0,0,0,0,3,91495151
2024,Regular Season,ヤクルトスワローズ,49,"Kayama, Shinya",0,0,0,1.0,1.0,9,4.1,0.0,14.54,2.769,14.538,0.778,24.923,0.0,8.308,0.0,,24,12,7,7,0,4,0,0,0,0,0,0,0,0,0,0,91595135
2024,Climax Series - First Stage,千葉ロッテ,28,"Kikuchi, Riku",0,0,0,,,1,0.1,0.0,0.0,0.0,0.0,0.0,0.0,0.0,27.0,0.0,,1,0,0,0,0,1,0,0,0,0,0,0,0,0,0,1,91595157
2024,Regular Season,千葉ロッテ,28,"Kikuchi, Riku",1,0,1,2.0,3.0,20,24.0,1.0,2.25,1.083,2.25,0.3,7.875,1.125,10.125,1.875,5.4,97,21,6,6,3,27,5,2,2,0,0,0,0,0,0,9,91595157
2024,Regular Season,西武ライオンズ,25,"Hirai, Katsunori",0,0,0,4.0,4.0,13,9.2,0.0,4.66,1.759,4.655,0.385,13.034,0.931,5.586,2.793,2.0,46,14,5,5,1,6,3,0,0,0,0,0,0,0,0,2,91695134
2024,Regular Season,楽天イーグルス,11,"Kishi, Takayuki",6,11,0,0.0,0.0,22,143.1,0.353,2.83,1.207,3.265,2.364,9.042,0.816,4.584,1.821,2.517,590,144,52,45,13,73,29,1,2,1,0,3,2,1,22,0,91795114
2024,Regular Season,阪神タイガース,37,"Oyokawa, Masaki",1,3,0,0.0,0.0,9,29.1,0.25,2.76,1.193,3.375,1.222,7.67,0.614,7.057,3.068,2.3,121,25,11,9,2,23,10,1,0,2,0,1,0,0,5,3,91795151
2024,Regular Season,読売巨人,14,"Kyomoto, Makoto",0,0,0,0.0,0.0,4,5.0,0.0,3.6,1.2,3.6,0.5,7.2,0.0,5.4,3.6,1.5,20,4,2,2,0,3,2,1,1,0,0,0,0,0,0,1,91795155
2024,Regular Season,広島カープ,26,"Masuda, Takehisa",0,0,0,3.0,3.0,10,8.1,0.0,6.48,2.16,6.48,0.6,12.96,2.16,9.72,6.48,1.5,45,12,6,6,2,9,6,0,2,0,0,0,0,0,0,0,91895157
2024,Climax Series - Final Stage,ソフトバンク,40,"Sugiyama, Kazuki",0,0,0,,,2,2.0,0.0,0.0,0.0,0.0,0.0,0.0,0.0,13.5,0.0,,6,0,0,0,0,3,0,0,0,0,0,0,0,0,0,0,91995138
2024,Japan Series,ソフトバンク,40,"Sugiyama, Kazuki",0,0,0,,,3,4.0,0.0,2.25,1.0,2.25,0.333,6.75,0.0,2.25,2.25,1.0,16,3,1,1,0,1,1,0,0,0,0,0,0,0,0,0,91995138
2024,Regular Season,ソフトバンク,40,"Sugiyama, Kazuki",4,0,1,14.0,18.0,50,50.1,1.0,1.61,0.993,1.788,0.2,5.007,0.358,10.907,3.934,2.773,198,28,10,9,2,61,22,0,1,1,0,0,0,0,0,10,91995138
2024,Regular Season,中日ドラゴンズ,33,"Sobue, Daisuke",0,0,0,4.0,4.0,28,28.1,0.0,2.86,1.129,4.129,0.464,8.259,1.271,4.765,1.906,2.5,116,26,13,9,4,15,6,1,0,1,0,0,0,0,0,12,91995139
2024,Regular Season,広島カープ,20,"Kuribayashi, Ryoji",0,6,38,12.0,12.0,60,55.0,0.0,1.96,0.891,2.291,0.233,5.4,0.491,10.636,2.618,4.063,214,33,14,12,3,65,16,2,2,3,0,0,0,0,0,47,91995153
2024,Regular Season,ソフトバンク,38,"Sawayanagi, Ryotaro",2,1,0,0.0,2.0,11,10.2,0.667,3.38,1.031,3.375,0.364,5.906,0.0,7.594,3.375,2.25,42,7,4,4,0,9,4,0,1,1,0,0,0,0,0,5,91995159
2024,Regular Season,読売巨人,65,"Mendez, Yohander",0,2,0,0.0,0.0,2,4.1,0.0,12.46,3.0,16.615,4.0,12.462,0.0,8.308,14.538,0.571,27,6,8,6,0,4,7,0,0,0,0,0,0,0,2,0,93095157
2024,Climax Series - Final Stage,横浜DeNA,45,"Morihara, Kohei",0,0,3,,,3,3.0,0.0,0.0,0.0,0.0,0.0,0.0,0.0,12.0,0.0,,9,0,0,0,0,4,0,0,0,0,0,0,0,0,0,3,93195134
2024,Climax Series - First Stage,横浜DeNA,45,"Morihara, Kohei",0,0,1,,,1,1.0,0.0,9.0,3.0,9.0,1.0,27.0,0.0,9.0,0.0,,6,3,1,1,0,1,0,0,0,0,0,0,0,0,0,1,93195134
2024,Japan Series,横浜DeNA,45,"Morihara, Kohei",0,0,1,,,2,2.0,0.0,0.0,0.5,0.0,0.0,0.0,0.0,4.5,4.5,1.0,7,0,0,0,0,1,1,0,0,0,0,0,0,0,0,2,93195134
2024,Regular Season,横浜DeNA,45,"Morihara, Kohei",2,6,29,11.0,13.0,58,59.2,0.25,2.41,1.106,2.715,0.31,8.145,0.453,8.899,1.81,4.917,247,54,18,16,3,59,12,4,1,0,0,0,0,0,0,43,93195134
2024,Regular Season,ヤクルトスワローズ,43,"Yamamoto, Daiki",3,0,1,12.0,15.0,44,31.2,1.0,1.42,1.042,1.705,0.136,5.116,0.0,8.811,4.263,2.067,126,18,6,5,0,31,15,3,0,2,0,0,0,0,0,6,93195136
2024,Regular Season,横浜DeNA,40,"Matsumoto, Ryunosuke",0,0,0,0.0,0.0,1,5.0,0.0,3.6,1.8,3.6,2.0,10.8,0.0,7.2,5.4,1.333,22,6,2,2,0,4,3,0,0,0,0,0,0,0,1,0,93195153
2024,Regular Season,中日ドラゴンズ,91,"Mejia, Humberto",3,8,0,0.0,0.0,15,75.2,0.273,4.88,1.282,4.996,2.8,8.683,0.833,6.066,2.855,2.125,323,73,42,41,7,51,24,1,4,1,0,0,0,0,15,0,93295157
2024,Regular Season,広島カープ,16,"Mori, Shohei",1,3,0,0.0,0.0,5,26.2,0.25,2.7,1.088,3.375,2.0,8.438,0.338,5.738,1.35,4.25,109,25,10,8,1,17,4,1,1,0,0,1,0,0,5,0,93395155
2024,Regular Season,日ハム,42,"Zabala, Aneurys",0,0,1,1.0,1.0,16,15.0,0.0,1.2,1.0,2.4,0.25,4.2,0.6,9.0,4.8,1.875,61,7,4,2,1,15,8,0,1,0,0,0,0,0,0,8,93795159
2024,Regular Season,広島カープ,42,"Hatch, Thomas",0,3,0,0.0,0.0,5,22.0,0.0,7.36,1.727,7.364,3.6,11.455,2.045,7.364,4.091,1.8,105,28,18,18,5,18,10,0,2,1,0,0,0,0,5,0,93995159
